"";"Mun_Code";"ass_CF_M15"
"1";"PH175101000";29,7655296325684
"2";"PH030801000";2,6069757938385
"3";"PH083701000";38,4235229492188
"4";"PH045601000";11,1958198547363
"5";"PH025701000";10,4953470230103
"6";"PH015501000";5,75704336166382
"7";"PH041001000";4,63268661499023
"8";"PH013301000";4,50515079498291
"9";"PH015502000";3,75040817260742
"10";"PH175302000";34,7660255432129
"11";"PH063001000";44,4876708984375
"12";"PH045602000";10,4383573532104
"13";"PH043401000";5,55583238601685
"14";"PH083702000";49,4472198486328
"15";"PH083703000";37,7589454650879
"16";"PH015504000";6,14710569381714
"17";"PH175901000";32,8457946777344
"18";"PH042101000";4,29418325424194
"19";"PH025015000";2,53512668609619
"20";"PH034901000";2,5683331489563
"21";"PH012901000";5,98927736282349
"22";"PH063002000";9,19108867645264
"23";"PH041002000";4,65226078033447
"24";"PH084801000";35,9825477600098
"25";"PH086001000";37,7735633850098
"26";"PH087801000";5,74919891357422
"27";"PH072204000";22,4008827209473
"28";"PH060401000";28,8374195098877
"29";"PH042102000";1,27213037014008
"30";"PH025001000";2,275221824646
"31";"PH086401000";37,1010398864746
"32";"PH036901000";1,06727910041809
"33";"PH015505000";8,41354560852051
"34";"PH031401000";3,36569380760193
"35";"PH035401000";7,86690855026245
"36";"PH045801000";0,932569742202759
"37";"PH063003000";28,1402778625488
"38";"PH060601000";19,6511116027832
"39";"PH035402000";5,61988544464111
"40";"PH035403000";2,43812203407288
"41";"PH013302000";5,47363042831421
"42";"PH025002000";1,82864141464233
"43";"PH054101000";26,7691020965576
"44";"PH082601000";41,163501739502
"45";"PH015506000";1,92514824867249
"46";"PH142711000";7,86373567581177
"47";"PH072206000";39,8999404907227
"48";"PH045603000";4,67618465423584
"49";"PH141101000";5,44708633422852
"50";"PH051701000";31,1378211975098
"51";"PH083705000";36,6548881530762
"52";"PH050501000";24,2916412353516
"53";"PH013303000";4,57089519500732
"54";"PH175201000";35,8413162231445
"55";"PH035404000";3,70803785324097
"56";"PH042103000";3,7115638256073
"57";"PH063004000";10,3914432525635
"58";"PH025003000";5,17065906524658
"59";"PH030802000";1,70258235931396
"60";"PH052001000";27,3257064819336
"61";"PH141102000";10,8533210754395
"62";"PH013304000";2,24669909477234
"63";"PH141103000";8,40419292449951
"64";"PH031402000";1,59047782421112
"65";"PH072208000";30,1845607757568
"66";"PH082602000";55,2609024047852
"67";"PH082603000";25,3790035247803
"68";"PH013305000";7,04355239868164
"69";"PH063005000";34,9541778564453
"70";"PH051702000";21,7834148406982
"71";"PH041003000";0,361039280891418
"72";"PH054102000";32,5784492492676
"73";"PH037701000";5,49102544784546
"74";"PH041004000";3,36042094230652
"75";"PH060402000";36,1695289611816
"76";"PH031403000";8,16401386260986
"77";"PH054103000";27,1382083892822
"78";"PH015507000";4,40348958969116
"79";"PH036902000";1,0670200586319
"80";"PH025004000";3,72796940803528
"81";"PH063006000";36,9310264587402
"82";"PH060403000";26,6926765441895
"83";"PH013306000";5,01535654067993
"84";"PH015508000";6,23461151123047
"85";"PH175202000";8,06170272827148
"86";"PH072209000";14,8845157623291
"87";"PH175902000";30,6184196472168
"88";"PH045803000";3,57333421707153
"89";"PH052002000";34,6918983459473
"90";"PH060602000";8,66077327728271
"91";"PH056202000";35,5015640258789
"92";"PH072210000";33,4051628112793
"93";"PH063007000";3,03995561599731
"94";"PH063008000";27,0170516967773
"95";"PH083706000";12,3815336227417
"96";"PH086002000";63,7218818664551
"97";"PH168501000";2,59561705589294
"98";"PH015509000";5,18227100372314
"99";"PH051601000";20,5929050445557
"100";"PH063009000";30,9176578521729
"101";"PH060404000";29,2866630554199
"102";"PH041005000";1,37895750999451
"103";"PH051703000";31,9607048034668
"104";"PH052003000";37,6300621032715
"105";"PH083707000";31,4574337005615
"106";"PH054104000";35,0065116882324
"107";"PH041006000";3,20340251922607
"108";"PH013307000";2,76219630241394
"109";"PH144402000";5,18121194839478
"110";"PH015510000";5,45849561691284
"111";"PH043402000";0,690784692764282
"112";"PH015511000";5,17355918884277
"113";"PH025005000";2,92494773864746
"114";"PH060603000";4,03419780731201
"115";"PH071248000";32,5593643188477
"116";"PH087802000";30,0542030334473
"117";"PH015512000";3,15868043899536
"118";"PH045804000";2,4421763420105
"119";"PH063010000";31,0168037414551
"120";"PH015513000";4,10524415969849
"121";"PH133902000";26,1366634368896
"122";"PH084802000";49,0216636657715
"123";"PH174001000";5,8132061958313
"124";"PH084803000";40,2296600341797
"125";"PH031404000";1,99165630340576
"126";"PH141104000";0,608194947242737
"127";"PH015514000";2,56561493873596
"128";"PH051704000";13,6465549468994
"129";"PH034902000";5,77854204177856
"130";"PH175203000";11,8597860336304
"131";"PH086402000";6,6430492401123
"132";"PH072213000";29,8279800415039
"133";"PH037101000";5,56430578231812
"134";"PH045605000";35,392936706543
"135";"PH067901000";4,358717918396
"136";"PH071209000";37,8862533569336
"137";"PH174002000";8,47103404998779
"138";"PH015515000";11,720251083374
"139";"PH060604000";43,9203414916992
"140";"PH141105000";5,33320426940918
"141";"PH051705000";25,9276561737061
"142";"PH051706000";19,4686794281006
"143";"PH031405000";4,22411394119263
"144";"PH175204000";33,9443664550781
"145";"PH056203000";17,4717273712158
"146";"PH056204000";27,1173973083496
"147";"PH083710000";51,2065734863281
"148";"PH045606000";42,149772644043
"149";"PH013308000";2,11178779602051
"150";"PH015516000";5,87642812728882
"151";"PH166704000";35,2264747619629
"152";"PH060405000";25,4782485961914
"153";"PH031406000";3,98433780670166
"154";"PH175307000";27,3923664093018
"155";"PH013309000";5,58256387710571
"156";"PH034903000";5,64103364944458
"157";"PH037102000";4,29723501205444
"158";"PH025702000";5,36862850189209
"159";"PH063012000";3,97660279273987
"160";"PH034904000";2,47652864456177
"161";"PH087803000";30,6932849884033
"162";"PH051707000";32,1868209838867
"163";"PH043404000";4,07022905349731
"164";"PH175308000";6,17566251754761
"165";"PH168502000";34,0576972961426
"166";"PH087804000";30,5971984863281
"167";"PH045805000";4,69757890701294
"168";"PH175903000";26,4284820556641
"169";"PH051708000";31,3757171630859
"170";"PH041007000";2,41132712364197
"171";"PH015517000";3,18864417076111
"172";"PH041008000";5,57799959182739
"173";"PH175904000";31,0849437713623
"174";"PH045607000";25,2084465026855
"175";"PH043406000";2,77053999900818
"176";"PH086003000";34,486988067627
"177";"PH086004000";29,2469444274902
"178";"PH063013000";25,4902687072754
"179";"PH175102000";20,1175727844238
"180";"PH137501000";2,36370205879211
"181";"PH083713000";32,8042106628418
"182";"PH031407000";4,71857357025146
"183";"PH060605000";27,2736396789551
"184";"PH050502000";30,9950103759766
"185";"PH051709000";9,60945796966553
"186";"PH036903000";4,05221700668335
"187";"PH082605000";33,9937553405762
"188";"PH051710000";30,3261871337891
"189";"PH035405000";2,87796068191528
"190";"PH037103000";1,71255254745483
"191";"PH045608000";3,64796185493469
"192";"PH051602000";26,9722061157227
"193";"PH036904000";2,28045129776001
"194";"PH083714000";38,1499366760254
"195";"PH084804000";25,226583480835
"196";"PH051711000";28,7750453948975
"197";"PH052004000";21,868185043335
"198";"PH045806000";4,1508641242981
"199";"PH083715000";34,100944519043
"200";"PH063014000";35,8746070861816
"201";"PH072215000";7,84876251220703
"202";"PH042104000";1,71670198440552
"203";"PH034905000";8,25168609619141
"204";"PH037702000";28,3103618621826
"205";"PH056205000";7,14874458312988
"206";"PH056206000";20,2803363800049
"207";"PH037104000";5,07704639434814
"208";"PH054105000";34,3388900756836
"209";"PH045610000";25,3695907592773
"210";"PH084805000";22,8822288513184
"211";"PH072216000";5,03143501281738
"212";"PH084806000";35,9515533447266
"213";"PH043407000";4,52988004684448
"214";"PH042105000";6,08185386657715
"215";"PH054106000";27,1536273956299
"216";"PH072217000";6,82410573959351
"217";"PH012908000";3,40364217758179
"218";"PH015503000";5,41089344024658
"219";"PH045802000";4,26076793670654
"220";"PH030803000";1,36778020858765
"221";"PH083708000";7,58574295043945
"222";"PH043403000";4,2893762588501
"223";"PH072211000";36,283317565918
"224";"PH082604000";36,5646858215332
"225";"PH043405000";3,85379672050476
"226";"PH175205000";4,14446401596069
"227";"PH072214000";3,84983777999878
"228";"PH086005000";40,3291473388672
"229";"PH042106000";3,08539891242981
"230";"PH034908000";4,40294313430786
"231";"PH042108000";2,30170464515686
"232";"PH137601000";5,66015005111694
"233";"PH050508000";26,7951602935791
"234";"PH086407000";5,06307888031006
"235";"PH137602000";4,49010753631592
"236";"PH137502000";4,97355651855469
"237";"PH031410000";3,34258890151978
"238";"PH137401000";3,89882278442383
"239";"PH137402000";7,15613889694214
"240";"PH054111000";35,5788116455078
"241";"PH031412000";2,17283201217651
"242";"PH137603000";2,91110014915466
"243";"PH072234000";3,29018425941467
"244";"PH137503000";6,491051197052
"245";"PH137604000";3,65316367149353
"246";"PH137403000";1,41915333271027
"247";"PH063035000";28,9553203582764
"248";"PH013314000";4,77935314178467
"249";"PH035416000";6,00428152084351
"250";"PH031420000";4,98723888397217
"251";"PH137405000";8,5362606048584
"252";"PH043425000";4,95953893661499
"253";"PH043428000";3,93166041374207
"254";"PH023135000";2,7139790058136
"255";"PH056216000";8,25790882110596
"256";"PH050517000";11,5432796478271
"257";"PH072250000";4,21679258346558
"258";"PH041031000";3,19534373283386
"259";"PH036916000";2,94328927993774
"260";"PH045647000";3,41862273216248
"261";"PH015546000";2,86973643302917
"262";"PH137504000";2,38384532928467
"263";"PH054107000";26,1024322509766
"264";"PH072218000";6,67089748382568
"265";"PH036905000";2,87342357635498
"266";"PH063015000";50,8126411437988
"267";"PH175905000";9,1360387802124
"268";"PH072219000";5,17216682434082
"269";"PH175906000";31,7794570922852
"270";"PH023109000";3,0822765827179
"271";"PH072220000";5,55114555358887
"272";"PH175309000";31,4361953735352
"273";"PH061901000";42,9992256164551
"274";"PH041009000";5,63570070266724
"275";"PH087805000";13,1184864044189
"276";"PH060606000";32,8124160766602
"277";"PH175322000";31,4753551483154
"278";"PH034906000";7,22643613815308
"279";"PH175310000";24,1808643341064
"280";"PH072221000";34,085823059082
"281";"PH051603000";12,2308950424194
"282";"PH083717000";28,4375247955322
"283";"PH015518000";3,75922894477844
"284";"PH072223000";4,39825105667114
"285";"PH061902000";12,1201257705688
"286";"PH166707000";28,7448444366455
"287";"PH050503000";8,1201639175415
"288";"PH086006000";19,470043182373
"289";"PH015519000";8,45329475402832
"290";"PH166708000";33,5286521911621
"291";"PH051712000";28,7315006256104
"292";"PH025006000";2,43234443664551
"293";"PH025703000";4,91058444976807
"294";"PH037703000";1,30699491500854
"295";"PH054108000";43,5217475891113
"296";"PH168503000";36,3426895141602
"297";"PH037704000";13,0330142974854
"298";"PH030804000";5,61554765701294
"299";"PH037705000";8,54831027984619
"300";"PH063016000";2,04052472114563
"301";"PH037706000";5,27057790756226
"302";"PH045615000";4,5028715133667
"303";"PH082606000";48,4717140197754
"304";"PH031424000";9,73069190979004
"305";"PH056207000";20,1620254516602
"306";"PH063017000";7,13684129714966
"307";"PH083718000";41,7204818725586
"308";"PH061903000";14,8381147384644
"309";"PH063018000";11,815318107605
"310";"PH061904000";19,2594985961914
"311";"PH025007000";3,07467603683472
"312";"PH025008000";7,8219690322876
"313";"PH023112000";2,9517183303833
"314";"PH175312000";20,1647205352783
"315";"PH133908000";26,1366634368896
"316";"PH054109000";34,8524360656738
"317";"PH063019000";29,3326568603516
"318";"PH043408000";5,66619110107422
"319";"PH175916000";30,3926162719727
"320";"PH035406000";3,21815252304077
"321";"PH034907000";5,35300970077515
"322";"PH051713000";34,0444831848145
"323";"PH084807000";28,417106628418
"324";"PH086007000";37,5929679870605
"325";"PH051714000";22,5902881622314
"326";"PH174003000";5,69602823257446
"327";"PH042123000";4,56339120864868
"328";"PH042107000";2,92432379722595
"329";"PH045616000";36,0084609985352
"330";"PH166710000";31,171272277832
"331";"PH082607000";30,8302917480469
"332";"PH034909000";5,63095712661743
"333";"PH045617000";27,8434562683105
"334";"PH034910000";3,8326907157898
"335";"PH036906000";3,17004036903381
"336";"PH071226000";36,9320831298828
"337";"PH052005000";37,5529975891113
"338";"PH082608000";27,3003368377686
"339";"PH175206000";9,50623416900635
"340";"PH051715000";23,9559745788574
"341";"PH035407000";4,21192789077759
"342";"PH056208000";34,0245704650879
"343";"PH031408000";2,41703391075134
"344";"PH034911000";1,67146098613739
"345";"PH063020000";3,45325303077698
"346";"PH045618000";27,8280620574951
"347";"PH050504000";32,2648162841797
"348";"PH082609000";25,5590419769287
"349";"PH045619000";26,9320373535156
"350";"PH031409000";4,23490619659424
"351";"PH060608000";25,8289489746094
"352";"PH030805000";5,25349760055542
"353";"PH082610000";42,8962745666504
"354";"PH083719000";42,2095489501953
"355";"PH086008000";39,9334678649902
"356";"PH083720000";39,9644012451172
"357";"PH142709000";2,1997857093811
"358";"PH086403000";8,75936317443848
"359";"PH086404000";4,37915086746216
"360";"PH142702000";7,95181369781494
"361";"PH037105000";3,3680899143219
"362";"PH041010000";1,9423953294754
"363";"PH060406000";7,44227266311646
"364";"PH063021000";5,77401685714722
"365";"PH063022000";6,85136127471924
"366";"PH042109000";4,56991863250732
"367";"PH071224000";32,3266983032227
"368";"PH042110000";3,5510983467102
"369";"PH015520000";28,0170059204102
"370";"PH045620000";6,90576076507568
"371";"PH083721000";8,1273717880249
"372";"PH133909000";26,1366634368896
"373";"PH051716000";4,60270643234253
"374";"PH056209000";23,5812835693359
"375";"PH083722000";34,2349395751953
"376";"PH141106000";2,71816730499268
"377";"PH061905000";32,7742347717285
"378";"PH034912000";1,44721806049347
"379";"PH045807000";7,15646743774414
"380";"PH061906000";43,3460807800293
"381";"PH063023000";4,5994291305542
"382";"PH083723000";45,0118103027344
"383";"PH083724000";34,9672317504883
"384";"PH086009000";30,5729198455811
"385";"PH082611000";19,2473258972168
"386";"PH045621000";30,4240112304688
"387";"PH023115000";5,62318420410156
"388";"PH067902000";5,15016078948975
"389";"PH051605000";35,3224945068359
"390";"PH050505000";37,2225685119629
"391";"PH056210000";21,8154258728027
"392";"PH083725000";52,8028755187988
"393";"PH141107000";8,35308074951172
"394";"PH043409000";9,77722454071045
"395";"PH060407000";33,9311141967773
"396";"PH083726000";14,5664653778076
"397";"PH141108000";3,74622750282288
"398";"PH025009000";6,97672176361084
"399";"PH087806000";10,4852533340454
"400";"PH042111000";3,97973728179932
"401";"PH025010000";4,705246925354
"402";"PH142703000";4,51811838150024
"403";"PH141109000";6,48490142822266
"404";"PH036907000";4,2810263633728
"405";"PH083728000";53,8635101318359
"406";"PH141110000";8,78897094726562
"407";"PH051606000";30,1127071380615
"408";"PH015521000";2,49784708023071
"409";"PH142704000";6,85820007324219
"410";"PH051717000";28,2355976104736
"411";"PH063025000";10,2946310043335
"412";"PH142705000";4,79803848266602
"413";"PH015548000";2,57241272926331
"414";"PH084808000";43,1472015380859
"415";"PH084809000";51,8058052062988
"416";"PH072226000";2,17002391815186
"417";"PH084810000";25,6629543304443
"418";"PH060609000";26,3435707092285
"419";"PH034913000";9,65582942962646
"420";"PH041011000";4,13640213012695
"421";"PH084811000";39,7975654602051
"422";"PH082612000";17,2091255187988
"423";"PH063026000";32,1633987426758
"424";"PH050506000";6,28332471847534
"425";"PH041012000";3,08345103263855
"426";"PH063027000";30,6148166656494
"427";"PH063028000";11,085205078125
"428";"PH083729000";35,4015731811523
"429";"PH060408000";31,2666854858398
"430";"PH041013000";4,78687286376953
"431";"PH060409000";35,3227043151855
"432";"PH086405000";12,7437868118286
"433";"PH060610000";28,5068054199219
"434";"PH168504000";1,32159292697906
"435";"PH051718000";26,4470195770264
"436";"PH050507000";31,0121154785156
"437";"PH034914000";5,40278577804565
"438";"PH043410000";4,87096738815308
"439";"PH072227000";6,73362350463867
"440";"PH086406000";11,4303874969482
"441";"PH086419000";6,47398042678833
"442";"PH030806000";9,14936828613281
"443";"PH175313000";12,941520690918
"444";"PH015522000";8,23922443389893
"445";"PH041014000";2,06370377540588
"446";"PH034915000";2,00058674812317
"447";"PH082613000";24,3848743438721
"448";"PH041015000";4,26035642623901
"449";"PH175103000";34,9263191223145
"450";"PH175907000";11,5206956863403
"451";"PH084824000";27,8328380584717
"452";"PH045622000";26,6769371032715
"453";"PH168505000";34,2060508728027
"454";"PH043411000";1,57264029979706
"455";"PH175104000";9,13015174865723
"456";"PH035408000";6,69374704360962
"457";"PH045623000";3,80834722518921
"458";"PH045624000";2,9166407585144
"459";"PH043412000";1,62454998493195
"460";"PH043413000";1,29590821266174
"461";"PH013310000";3,44244241714478
"462";"PH034916000";5,10761547088623
"463";"PH051719000";34,915210723877
"464";"PH061907000";28,5571193695068
"465";"PH063029000";4,9303994178772
"466";"PH035409000";6,44899940490723
"467";"PH015523000";8,4617977142334
"468";"PH041016000";4,58400964736938
"469";"PH043414000";7,98562479019165
"470";"PH035410000";2,27367830276489
"471";"PH045625000";25,156307220459
"472";"PH083730000";51,5789794921875
"473";"PH086408000";3,44245958328247
"474";"PH060410000";33,3416442871094
"475";"PH025704000";3,75674891471863
"476";"PH072228000";14,6875925064087
"477";"PH035411000";3,62163662910461
"478";"PH042112000";5,05747127532959
"479";"PH056211000";29,4893817901611
"480";"PH051720000";29,9850559234619
"481";"PH043415000";4,54213666915894
"482";"PH175908000";33,6939544677734
"483";"PH175105000";12,0166244506836
"484";"PH175314000";11,1041860580444
"485";"PH083731000";7,87059307098389
"486";"PH043416000";5,68685340881348
"487";"PH060411000";22,5999031066895
"488";"PH015524000";5,57878398895264
"489";"PH133910000";26,1366634368896
"490";"PH060412000";13,5086622238159
"491";"PH050509000";11,0342178344727
"492";"PH050510000";32,9593658447266
"493";"PH060413000";26,5689601898193
"494";"PH086409000";7,05846405029297
"495";"PH041017000";4,53354120254517
"496";"PH175106000";6,2923092842102
"497";"PH061908000";26,1526679992676
"498";"PH015525000";4,17975473403931
"499";"PH054110000";26,4704494476318
"500";"PH072230000";9,10833644866943
"501";"PH015526000";4,90029859542847
"502";"PH015527000";3,82321810722351
"503";"PH050511000";39,9986000061035
"504";"PH141111000";4,018150806427
"505";"PH175207000";37,5078659057617
"506";"PH084812000";28,7902984619141
"507";"PH015528000";2,42118859291077
"508";"PH086010000";12,5039529800415
"509";"PH042113000";3,80446290969849
"510";"PH037707000";4,48727655410767
"511";"PH031411000";5,29841709136963
"512";"PH087807000";10,9259099960327
"513";"PH030807000";2,9721953868866
"514";"PH035412000";4,45654153823853
"515";"PH037106000";2,18687629699707
"516";"PH082614000";21,8991355895996
"517";"PH041018000";6,0447850227356
"518";"PH083733000";33,9886779785156
"519";"PH083734000";12,8623399734497
"520";"PH056212000";31,3568553924561
"521";"PH086011000";28,115701675415
"522";"PH045627000";28,3152828216553
"523";"PH036908000";2,17585325241089
"524";"PH082615000";35,7798233032227
"525";"PH083735000";47,3212013244629
"526";"PH142706000";5,84218502044678
"527";"PH072231000";12,3483867645264
"528";"PH042114000";1,16302096843719
"529";"PH051607000";25,2548789978027
"530";"PH082616000";28,7373237609863
"531";"PH083736000";23,0133457183838
"532";"PH035413000";3,66325902938843
"533";"PH063030000";5,21925973892212
"534";"PH054112000";35,5729103088379
"535";"PH051721000";12,3820705413818
"536";"PH063031000";7,83835315704346
"537";"PH051722000";25,9830150604248
"538";"PH035414000";2,16043090820312
"539";"PH072232000";3,68198370933533
"540";"PH054113000";28,1691436767578
"541";"PH174004000";2,34513545036316
"542";"PH036909000";4,61238098144531
"543";"PH084813000";49,2528915405273
"544";"PH054114000";34,980354309082
"545";"PH030808000";4,9034743309021
"546";"PH045809000";4,16711807250977
"547";"PH086012000";33,4192161560059
"548";"PH045628000";36,1623954772949
"549";"PH060414000";29,6511421203613
"550";"PH051723000";26,9811115264893
"551";"PH051724000";4,4284553527832
"552";"PH043417000";4,01892423629761
"553";"PH025706000";5,36349058151245
"554";"PH013311000";5,99962711334229
"555";"PH042115000";3,95260238647461
"556";"PH034918000";8,94475555419922
"557";"PH041019000";5,44647073745728
"558";"PH015529000";5,58504343032837
"559";"PH175208000";30,6929187774658
"560";"PH087808000";32,3680000305176
"561";"PH063032000";4,51305055618286
"562";"PH060415000";33,3345108032227
"563";"PH031413000";4,28554964065552
"564";"PH042116000";4,31723499298096
"565";"PH067903000";29,3850803375244
"566";"PH060416000";35,9236373901367
"567";"PH050512000";40,0009765625
"568";"PH031414000";1,51002490520477
"569";"PH051725000";32,919864654541
"570";"PH175909000";3,75659394264221
"571";"PH037107000";4,15190649032593
"572";"PH030809000";1,21659862995148
"573";"PH082617000";43,3743286132812
"574";"PH030810000";6,36405181884766
"575";"PH083738000";13,7754182815552
"576";"PH063034000";3,47981858253479
"577";"PH133911000";26,1366634368896
"578";"PH045629000";7,99314737319946
"579";"PH086410000";6,70888137817383
"580";"PH041020000";2,22156095504761
"581";"PH043418000";5,93522262573242
"582";"PH045630000";4,55903959274292
"583";"PH086026000";33,6545524597168
"584";"PH043419000";4,9375467300415
"585";"PH043420000";5,01477861404419
"586";"PH054115000";31,1704235076904
"587";"PH084814000";33,8688125610352
"588";"PH037108000";8,31892490386963
"589";"PH034919000";5,41443634033203
"590";"PH083739000";35,7435302734375
"591";"PH083740000";31,2166862487793
"592";"PH175107000";30,5881729125977
"593";"PH084815000";41,9101753234863
"594";"PH051726000";31,8451232910156
"595";"PH061909000";30,6121234893799
"596";"PH133912000";26,1366634368896
"597";"PH052006000";37,8648948669434
"598";"PH060611000";7,63843536376953
"599";"PH031415000";2,13387560844421
"600";"PH052007000";26,6761856079102
"601";"PH043421000";5,81492376327515
"602";"PH036910000";3,10641932487488
"603";"PH061910000";30,8906345367432
"604";"PH034920000";3,01399254798889
"605";"PH045631000";30,4620704650879
"606";"PH031416000";4,09273672103882
"607";"PH051608000";27,9058456420898
"608";"PH086022000";31,7469654083252
"609";"PH051727000";25,0573654174805
"610";"PH137605000";2,62512254714966
"611";"PH083741000";12,6526594161987
"612";"PH137606000";0,672999560832977
"613";"PH045632000";30,0094337463379
"614";"PH060612000";43,523983001709
"615";"PH063036000";4,82456016540527
"616";"PH034921000";6,51020050048828
"617";"PH045633000";30,0552463531494
"618";"PH043422000";3,47229838371277
"619";"PH030811000";5,02029371261597
"620";"PH056213000";20,6976280212402
"621";"PH061911000";33,1684532165527
"622";"PH072236000";29,5590267181396
"623";"PH166716000";31,1347026824951
"624";"PH051728000";24,3740978240967
"625";"PH045810000";3,40392470359802
"626";"PH086013000";27,6853713989258
"627";"PH175209000";12,1595840454102
"628";"PH072237000";22,7734985351562
"629";"PH086411000";26,8744430541992
"630";"PH050513000";29,3638458251953
"631";"PH054116000";34,487663269043
"632";"PH045634000";28,0679359436035
"633";"PH054117000";31,8993549346924
"634";"PH031417000";6,19783306121826
"635";"PH045635000";9,89315414428711
"636";"PH175210000";29,0835418701172
"637";"PH050514000";29,6722316741943
"638";"PH045636000";29,5232944488525
"639";"PH061912000";25,5567855834961
"640";"PH035415000";1,47831881046295
"641";"PH072238000";25,6955585479736
"642";"PH133913000";26,1366634368896
"643";"PH063037000";6,60509014129639
"644";"PH015530000";2,08320093154907
"645";"PH071235000";28,7381725311279
"646";"PH051729000";25,887882232666
"647";"PH061913000";10,5105152130127
"648";"PH056214000";25,9862861633301
"649";"PH175211000";7,57056188583374
"650";"PH013312000";3,41610455513
"651";"PH031418000";3,90313696861267
"652";"PH036911000";5,79836559295654
"653";"PH025011000";3,67805171012878
"654";"PH034922000";3,56176590919495
"655";"PH045637000";24,6709632873535
"656";"PH137404000";3,10427808761597
"657";"PH133903000";26,1366634368896
"658";"PH082618000";26,8667087554932
"659";"PH051730000";26,1099109649658
"660";"PH036912000";4,98116111755371
"661";"PH050515000";32,0230522155762
"662";"PH045638000";15,5587701797485
"663";"PH034923000";4,51038694381714
"664";"PH043423000";10,4138975143433
"665";"PH175108000";8,27459335327148
"666";"PH045808000";3,34755492210388
"667";"PH175910000";28,5061912536621
"668";"PH015531000";2,4942889213562
"669";"PH013313000";4,27732753753662
"670";"PH041021000";1,96508920192719
"671";"PH042117000";4,12678718566895
"672";"PH084816000";37,4922294616699
"673";"PH175212000";26,1232471466064
"674";"PH061914000";30,055492401123
"675";"PH144407000";-0,666240513324738
"676";"PH141112000";4,50818061828613
"677";"PH175109000";24,5835609436035
"678";"PH051731000";38,0331726074219
"679";"PH025705000";2,92007493972778
"680";"PH086412000";8,44368648529053
"681";"PH082619000";40,681697845459
"682";"PH030812000";3,37505030632019
"683";"PH045639000";6,09004163742065
"684";"PH133906000";26,1366634368896
"685";"PH023127000";4,27672386169434
"686";"PH175911000";32,6366119384766
"687";"PH045640000";26,9783382415771
"688";"PH052008000";21,3280639648438
"689";"PH175912000";29,7361221313477
"690";"PH034924000";4,65282249450684
"691";"PH037109000";6,67499017715454
"692";"PH045641000";4,90374183654785
"693";"PH084817000";27,4637393951416
"694";"PH166718000";40,3347702026367
"695";"PH015532000";0,259371697902679
"696";"PH036913000";6,6217451095581
"697";"PH063038000";31,6268463134766
"698";"PH063039000";9,64786243438721
"699";"PH015533000";5,61133098602295
"700";"PH037110000";6,42822933197021
"701";"PH051732000";31,448657989502
"702";"PH054118000";35,5470695495605
"703";"PH072241000";2,88500213623047
"704";"PH175913000";27,3904552459717
"705";"PH045642000";35,5650329589844
"706";"PH072242000";12,4978380203247
"707";"PH086413000";5,67365264892578
"708";"PH013315000";3,96419215202332
"709";"PH031419000";1,86090195178986
"710";"PH034925000";0,0318646728992462
"711";"PH083742000";45,7422523498535
"712";"PH084818000";25,0026245117188
"713";"PH166720000";31,1980934143066
"714";"PH015534000";5,74338626861572
"715";"PH054119000";40,837158203125
"716";"PH063040000";5,63692092895508
"717";"PH086025000";33,4755592346191
"718";"PH036918000";2,00299954414368
"719";"PH041022000";6,2383918762207
"720";"PH051733000";5,23392391204834
"721";"PH060613000";9,73780918121338
"722";"PH084819000";30,4263668060303
"723";"PH168506000";14,0715675354004
"724";"PH175110000";6,38936758041382
"725";"PH175914000";28,7737617492676
"726";"PH034926000";2,07535767555237
"727";"PH086014000";11,774374961853
"728";"PH013316000";3,45682501792908
"729";"PH041023000";5,90139436721802
"730";"PH086414000";6,01470327377319
"731";"PH082620000";33,5379104614258
"732";"PH034927000";5,24054098129272
"733";"PH067904000";3,72735905647278
"734";"PH051604000";30,2494239807129
"735";"PH035417000";-0,454223603010178
"736";"PH037708000";11,8678970336914
"737";"PH041024000";4,32382440567017
"738";"PH015535000";3,62165975570679
"739";"PH036914000";5,50694942474365
"740";"PH037111000";2,59119510650635
"741";"PH045811000";7,49757623672485
"742";"PH031421000";2,99117708206177
"743";"PH052009000";32,1946182250977
"744";"PH063041000";9,25425815582275
"745";"PH071238000";7,48318815231323
"746";"PH083743000";37,3139266967773
"747";"PH133907000";26,1366634368896
"748";"PH037112000";4,6362738609314
"749";"PH045644000";32,2597045898438
"750";"PH015536000";4,46649265289307
"751";"PH041025000";0,947428286075592
"752";"PH133904000";26,1366634368896
"753";"PH043424000";4,30829811096191
"754";"PH041026000";3,02705836296082
"755";"PH054120000";32,819995880127
"756";"PH082621000";39,7454147338867
"757";"PH015537000";3,73291754722595
"758";"PH031422000";4,98370695114136
"759";"PH063042000";17,7577285766602
"760";"PH060614000";10,9717416763306
"761";"PH072243000";12,9909706115723
"762";"PH086415000";2,77468299865723
"763";"PH084820000";27,5855979919434
"764";"PH086015000";37,5158042907715
"765";"PH035418000";0,291572451591492
"766";"PH175213000";28,5525150299072
"767";"PH051609000";32,0134582519531
"768";"PH084821000";42,8319816589355
"769";"PH035419000";3,84205961227417
"770";"PH133914000";26,1366634368896
"771";"PH015538000";3,4399847984314
"772";"PH063043000";4,30690383911133
"773";"PH037113000";3,09269332885742
"774";"PH043426000";2,25221991539001
"775";"PH133905000";26,1366634368896
"776";"PH174005000";0,88666820526123
"777";"PH175111000";38,6559600830078
"778";"PH051610000";27,9558086395264
"779";"PH025012000";7,45829153060913
"780";"PH072244000";11,7089767456055
"781";"PH083744000";47,3097648620605
"782";"PH175915000";37,9089241027832
"783";"PH036915000";2,35057950019836
"784";"PH056215000";24,932804107666
"785";"PH086016000";38,9053192138672
"786";"PH015539000";3,94340777397156
"787";"PH031423000";2,4085865020752
"788";"PH043427000";6,19061803817749
"789";"PH175917000";40,4424209594727
"790";"PH166721000";36,7988739013672
"791";"PH035420000";3,08082556724548
"792";"PH086017000";33,1830520629883
"793";"PH034928000";5,09321880340576
"794";"PH041027000";4,97025299072266
"795";"PH034929000";3,81171584129333
"796";"PH050516000";9,09045124053955
"797";"PH086018000";26,0602684020996
"798";"PH013317000";3,68701386451721
"799";"PH015540000";3,5609188079834
"800";"PH035421000";1,98927140235901
"801";"PH041028000";5,17364549636841
"802";"PH013318000";8,69328784942627
"803";"PH061915000";46,1497116088867
"804";"PH063044000";9,62409114837646
"805";"PH045645000";4,62364768981934
"806";"PH035422000";1,32204210758209
"807";"PH034917000";2,97793531417847
"808";"PH060615000";7,2988691329956
"809";"PH060616000";4,16418838500977
"810";"PH067905000";41,3146820068359
"811";"PH061916000";23,2464370727539
"812";"PH086416000";1,42536199092865
"813";"PH042118000";2,275475025177
"814";"PH084822000";27,5425643920898
"815";"PH043429000";3,77540874481201
"816";"PH051734000";33,3198928833008
"817";"PH051735000";38,6645774841309
"818";"PH015541000";3,72783589363098
"819";"PH175214000";5,59961271286011
"820";"PH072247000";14,0697212219238
"821";"PH086417000";4,75201940536499
"822";"PH025013000";3,31973171234131
"823";"PH015542000";23,633056640625
"824";"PH037114000";3,80969905853271
"825";"PH013319000";5,35942888259888
"826";"PH012931000";1,1517162322998
"827";"PH082622000";46,4984931945801
"828";"PH166724000";4,34176445007324
"829";"PH012932000";1,97153675556183
"830";"PH041029000";5,22044086456299
"831";"PH083745000";49,7583923339844
"832";"PH072248000";25,4768733978271
"833";"PH083746000";24,3106956481934
"834";"PH072249000";35,7260704040527
"835";"PH083747000";6,54565238952637
"836";"PH144410000";6,64040040969849
"837";"PH082623000";37,964111328125
"838";"PH086024000";10,4928426742554
"839";"PH042119000";0,621790409088135
"840";"PH045646000";9,39542770385742
"841";"PH012933000";5,25581693649292
"842";"PH137607000";0,664212882518768
"843";"PH086019000";35,0728073120117
"844";"PH034930000";0,696824014186859
"845";"PH071243000";6,76631546020508
"846";"PH041030000";3,49443554878235
"847";"PH051611000";6,77159786224365
"848";"PH034931000";11,7397880554199
"849";"PH083748000";40,1104927062988
"850";"PH045812000";4,77304172515869
"851";"PH060417000";25,7686557769775
"852";"PH042120000";1,61493158340454
"853";"PH061917000";10,0792922973633
"854";"PH086020000";36,6475601196289
"855";"PH041032000";2,0393373966217
"856";"PH045813000";2,10060334205627
"857";"PH175320000";22,7799682617188
"858";"PH015543000";3,75272274017334
"859";"PH045814000";3,97215056419373
"860";"PH042121000";11,5105667114258
"861";"PH045648000";6,45692586898804
"862";"PH060617000";44,5232467651367
"863";"PH051736000";29,511775970459
"864";"PH063045000";6,89916038513184
"865";"PH051737000";25,2118816375732
"866";"PH041033000";6,08312463760376
"867";"PH142710000";6,03099536895752
"868";"PH050518000";30,8733501434326
"869";"PH060607000";34,3122138977051
"870";"PH072251000";11,0141248703003
"871";"PH083749000";34,3674774169922
"872";"PH086418000";3,37446689605713
"873";"PH133901000";26,1366634368896
"874";"PH174006000";5,65514183044434
"875";"PH042122000";5,49992418289185
"876";"PH071244000";30,5030727386475
"877";"PH141113000";3,73067140579224
"878";"PH168507000";41,2400283813477
"879";"PH013320000";4,10344314575195
"880";"PH141114000";7,57633686065674
"881";"PH063046000";7,12429571151733
"882";"PH072252000";31,984058380127
"883";"PH072253000";41,9828491210938
"884";"PH083750000";4,1396222114563
"885";"PH041034000";4,95665502548218
"886";"PH071246000";29,0190715789795
"887";"PH015544000";6,28613424301147
"888";"PH045649000";11,3808917999268
"889";"PH015545000";1,56032049655914
"890";"PH054121000";36,8745384216309
"891";"PH060618000";7,63441753387451
"892";"PH036917000";4,01202583312988
"893";"PH043430000";3,59333205223083
"894";"PH084823000";25,240026473999
"895";"PH175215000";28,0246315002441
"896";"PH052010000";35,4755821228027
"897";"PH083751000";31,7226982116699
"898";"PH086021000";32,6276092529297
"899";"PH015547000";3,38795924186707
"900";"PH025014000";6,00865602493286
"901";"PH051612000";12,0620603561401
"902";"PH052011000";6,68064641952515
"903";"PH034932000";2,51951098442078
"904";"PH063047000";15,3990755081177
"905";"PH086023000";36,6440315246582
"906";"PH012801000";1,73265743255615
"907";"PH142708000";5,82248258590698
"908";"PH071201000";6,0740795135498
"909";"PH021502000";3,54294371604919
"910";"PH072201000";21,5567321777344
"911";"PH072202000";35,2549247741699
"912";"PH072203000";42,1969337463379
"913";"PH166701000";11,728307723999
"914";"PH142707000";5,3090500831604
"915";"PH023101000";2,25576972961426
"916";"PH071202000";3,6848509311676
"917";"PH021503000";5,97098016738892
"918";"PH021504000";6,66650819778442
"919";"PH071203000";27,2741107940674
"920";"PH023102000";4,93756484985352
"921";"PH071204000";6,07743453979492
"922";"PH072205000";8,81289863586426
"923";"PH023103000";3,36375784873962
"924";"PH012802000";3,75859427452087
"925";"PH071205000";1,56541550159454
"926";"PH166702000";34,4795188903809
"927";"PH072207000";35,2184867858887
"928";"PH012803000";9,9280834197998
"929";"PH021506000";6,1450629234314
"930";"PH143201000";6,9777045249939
"931";"PH071206000";5,33368539810181
"932";"PH104303000";14,4417791366577
"933";"PH021507000";5,54785299301147
"934";"PH142701000";4,00022888183594
"935";"PH012902000";4,65326309204102
"936";"PH140101000";5,27800512313843
"937";"PH012804000";4,73028421401978
"938";"PH012811000";1,77320218086243
"939";"PH012903000";3,90205097198486
"940";"PH144401000";4,26684999465942
"941";"PH166801000";13,6175413131714
"942";"PH071207000";7,09383630752563
"943";"PH166802000";35,1378593444824
"944";"PH023104000";5,82649374008179
"945";"PH144403000";0,566260814666748
"946";"PH071208000";1,37226092815399
"947";"PH104304000";16,6215763092041
"948";"PH140102000";4,2372260093689
"949";"PH072212000";33,4372787475586
"950";"PH144404000";13,5390710830688
"951";"PH140103000";2,42497086524963
"952";"PH140104000";0,859720349311829
"953";"PH160201000";30,7575874328613
"954";"PH012806000";7,45609760284424
"955";"PH012904000";7,87831163406372
"956";"PH023105000";1,58074450492859
"957";"PH160202000";3,53912782669067
"958";"PH023106000";5,24707651138306
"959";"PH023107000";4,21228456497192
"960";"PH012905000";4,03627347946167
"961";"PH166804000";32,4506645202637
"962";"PH148101000";1,71261727809906
"963";"PH071210000";3,67297840118408
"964";"PH071211000";5,66878747940063
"965";"PH166805000";30,4665622711182
"966";"PH012907000";1,31092953681946
"967";"PH012807000";5,67796945571899
"968";"PH071212000";3,95628929138184
"969";"PH160204000";8,47011470794678
"970";"PH166806000";37,2062301635742
"971";"PH166807000";41,1393508911133
"972";"PH101801000";0,181527391076088
"973";"PH071213000";6,39781808853149
"974";"PH012805000";1,39772129058838
"975";"PH160301000";13,8417720794678
"976";"PH160203000";28,8115844726562
"977";"PH012906000";4,47346210479736
"978";"PH023108000";2,50839948654175
"979";"PH143213000";3,77601552009583
"980";"PH166819000";28,1347751617432
"981";"PH012934000";4,41887140274048
"982";"PH071214000";39,2377548217773
"983";"PH166706000";32,7745475769043
"984";"PH104306000";12,6247396469116
"985";"PH148102000";7,43811988830566
"986";"PH071215000";1,92956233024597
"987";"PH071216000";3,49815654754639
"988";"PH166808000";38,5261993408203
"989";"PH012808000";7,17026281356812
"990";"PH071217000";4,96843576431274
"991";"PH140105000";6,16772031784058
"992";"PH072222000";32,3783226013184
"993";"PH071218000";4,85931921005249
"994";"PH140106000";2,79523873329163
"995";"PH071219000";5,88065814971924
"996";"PH023118000";4,13439607620239
"997";"PH071220000";5,77210378646851
"998";"PH023110000";9,92555904388428
"999";"PH012809000";2,46566820144653
"1000";"PH023111000";22,0853614807129
"1001";"PH140107000";2,38164782524109
"1002";"PH071221000";4,78481340408325
"1003";"PH012810000";1,50327587127686
"1004";"PH072224000";20,9100875854492
"1005";"PH021512000";7,59408330917358
"1006";"PH076101000";10,4503574371338
"1007";"PH160303000";18,4445877075195
"1008";"PH148103000";2,37756204605103
"1009";"PH012909000";7,10529947280884
"1010";"PH023113000";1,6169685125351
"1011";"PH071222000";6,53265857696533
"1012";"PH021513000";4,88280439376831
"1013";"PH166711000";24,8465805053711
"1014";"PH072225000";35,2620468139648
"1015";"PH104308000";33,7934722900391
"1016";"PH012910000";1,92421388626099
"1017";"PH071223000";3,05815100669861
"1018";"PH101802000";3,08792233467102
"1019";"PH166809000";24,4765605926514
"1020";"PH021515000";8,15143585205078
"1021";"PH023114000";2,82642292976379
"1022";"PH160205000";33,3451385498047
"1023";"PH071225000";3,0553548336029
"1024";"PH148104000";-0,19369626045227
"1025";"PH104312000";2,22898197174072
"1026";"PH160206000";30,5099411010742
"1027";"PH140108000";3,83806848526001
"1028";"PH140109000";10,2269401550293
"1029";"PH140110000";3,13230562210083
"1030";"PH140111000";6,78458786010742
"1031";"PH104313000";8,85340690612793
"1032";"PH021516000";5,13506364822388
"1033";"PH140112000";3,17718648910522
"1034";"PH166810000";36,9301681518555
"1035";"PH012812000";6,92112064361572
"1036";"PH076102000";1,89956605434418
"1037";"PH160207000";29,0289859771729
"1038";"PH021517000";7,005455493927
"1039";"PH076103000";32,3017082214355
"1040";"PH166811000";15,0769100189209
"1041";"PH140113000";7,44180250167847
"1042";"PH012911000";4,34010410308838
"1043";"PH071227000";2,22478246688843
"1044";"PH071228000";6,79179859161377
"1045";"PH071229000";2,24193644523621
"1046";"PH071230000";8,45560646057129
"1047";"PH140114000";7,25745916366577
"1048";"PH143206000";8,32948112487793
"1049";"PH023116000";4,36486768722534
"1050";"PH148105000";7,2849006652832
"1051";"PH071231000";23,4093284606934
"1052";"PH023117000";7,0683183670044
"1053";"PH166813000";35,1282348632812
"1054";"PH160208000";22,9239044189453
"1055";"PH104317000";30,5057849884033
"1056";"PH012912000";8,97117042541504
"1057";"PH101803000";3,0588321685791
"1058";"PH166714000";8,85711669921875
"1059";"PH072229000";11,6621570587158
"1060";"PH140115000";4,66877365112305
"1061";"PH166715000";29,016487121582
"1062";"PH023119000";2,48963332176208
"1063";"PH101804000";6,20225238800049
"1064";"PH140116000";3,61008358001709
"1065";"PH012813000";5,74656343460083
"1066";"PH076104000";3,70646953582764
"1067";"PH071232000";4,30899238586426
"1068";"PH166814000";38,4071464538574
"1069";"PH104319000";33,3581886291504
"1070";"PH072233000";5,97814416885376
"1071";"PH012913000";2,50691437721252
"1072";"PH023120000";2,42878603935242
"1073";"PH012914000";2,45835399627686
"1074";"PH160209000";35,9688987731934
"1075";"PH144405000";3,76393485069275
"1076";"PH012814000";3,355140209198
"1077";"PH072235000";10,5611629486084
"1078";"PH012815000";4,19347143173218
"1079";"PH023121000";11,4734525680542
"1080";"PH071233000";7,4447832107544
"1081";"PH012816000";-0,539064288139343
"1082";"PH144406000";5,95550298690796
"1083";"PH143208000";10,6779413223267
"1084";"PH012817000";7,13442182540894
"1085";"PH021519000";7,64862203598022
"1086";"PH140117000";3,04920673370361
"1087";"PH021520000";6,94135427474976
"1088";"PH012818000";3,39050555229187
"1089";"PH140118000";1,99191236495972
"1090";"PH071234000";4,06600475311279
"1091";"PH140119000";1,33139610290527
"1092";"PH012819000";2,42760133743286
"1093";"PH143209000";26,8092746734619
"1094";"PH166717000";27,2952194213867
"1095";"PH160306000";25,5774440765381
"1096";"PH148106000";2,52153205871582
"1097";"PH023122000";5,19633007049561
"1098";"PH012915000";1,41113197803497
"1099";"PH023123000";2,95105314254761
"1100";"PH023124000";5,41998195648193
"1101";"PH023125000";0,835294246673584
"1102";"PH160212000";25,3874778747559
"1103";"PH021521000";12,1717367172241
"1104";"PH143211000";10,3484010696411
"1105";"PH072239000";26,9160251617432
"1106";"PH160307000";10,4185676574707
"1107";"PH023126000";2,1987030506134
"1108";"PH144408000";10,0783109664917
"1109";"PH144409000";7,1699013710022
"1110";"PH101805000";33,872875213623
"1111";"PH071236000";8,54234600067139
"1112";"PH104322000";5,78030061721802
"1113";"PH012916000";6,42421102523804
"1114";"PH140120000";5,6522912979126
"1115";"PH072240000";34,0957450866699
"1116";"PH166815000";33,7209739685059
"1117";"PH012917000";4,42301034927368
"1118";"PH012918000";9,19155502319336
"1119";"PH160308000";28,3710708618164
"1120";"PH166719000";24,4112167358398
"1121";"PH023128000";4,3552451133728
"1122";"PH012919000";-0,0424773395061493
"1123";"PH023129000";5,12397623062134
"1124";"PH071237000";6,64839172363281
"1125";"PH140121000";2,44649362564087
"1126";"PH012920000";2,18042278289795
"1127";"PH076105000";4,87547636032104
"1128";"PH140122000";5,10083818435669
"1129";"PH160309000";21,4772071838379
"1130";"PH023130000";3,82213115692139
"1131";"PH023131000";4,15630865097046
"1132";"PH023132000";1,43170738220215
"1133";"PH166816000";8,66704750061035
"1134";"PH012820000";2,67816138267517
"1135";"PH023133000";2,65581464767456
"1136";"PH140123000";1,87665271759033
"1137";"PH012921000";2,33744430541992
"1138";"PH012922000";4,02439260482788
"1139";"PH012923000";5,16454792022705
"1140";"PH012924000";2,37867069244385
"1141";"PH012925000";6,56461477279663
"1142";"PH148107000";5,17014789581299
"1143";"PH012926000";3,65157246589661
"1144";"PH023134000";9,32626342773438
"1145";"PH021524000";2,43247032165527
"1146";"PH072245000";29,5911064147949
"1147";"PH012927000";3,3593099117279
"1148";"PH160210000";35,2703857421875
"1149";"PH012928000";2,52737379074097
"1150";"PH021526000";5,01982736587524
"1151";"PH023136000";7,30206918716431
"1152";"PH012821000";1,511274933815
"1153";"PH071239000";1,49965047836304
"1154";"PH160314000";10,4612817764282
"1155";"PH072246000";30,8659076690674
"1156";"PH071240000";2,58040714263916
"1157";"PH012929000";5,87215948104858
"1158";"PH071241000";5,33938837051392
"1159";"PH012930000";7,06088781356812
"1160";"PH076106000";22,9324989318848
"1161";"PH166722000";5,62181043624878
"1162";"PH166723000";8,129714012146
"1163";"PH021527000";3,57768392562866
"1164";"PH012822000";3,91392374038696
"1165";"PH104323000";6,77884340286255
"1166";"PH166725000";28,6678104400635
"1167";"PH071242000";3,52238774299622
"1168";"PH166817000";25,0777721405029
"1169";"PH166818000";40,9517631530762
"1170";"PH160311000";34,3912239074707
"1171";"PH104325000";28,039270401001
"1172";"PH143214000";6,44242095947266
"1173";"PH140124000";2,25978183746338
"1174";"PH140125000";6,20689296722412
"1175";"PH143215000";16,3724174499512
"1176";"PH021528000";4,28163909912109
"1177";"PH160211000";30,6447734832764
"1178";"PH071245000";24,883638381958
"1179";"PH140126000";3,60015559196472
"1180";"PH166727000";3,2606303691864
"1181";"PH021529000";4,06731510162354
"1182";"PH023137000";3,60915780067444
"1183";"PH071247000";5,61789751052856
"1184";"PH140127000";4,09809923171997
"1185";"PH012823000";2,1525456905365
"1186";"PH175301000";33,105396270752
"1187";"PH021501000";8,19843482971191
"1188";"PH150708000";38,5197257995605
"1189";"PH150709000";26,5807723999023
"1190";"PH128001000";25,5181007385254
"1191";"PH124701000";6,13199234008789
"1192";"PH124717000";9,94705200195312
"1193";"PH098301000";21,4752140045166
"1194";"PH104201000";33,1612777709961
"1195";"PH104301000";33,8864517211914
"1196";"PH153801000";32,9760360717773
"1197";"PH124715000";5,89285564422607
"1198";"PH021505000";7,2980055809021
"1199";"PH175303000";33,1486511230469
"1200";"PH124718000";19,5800628662109
"1201";"PH112301000";4,93122816085815
"1202";"PH097302000";23,9167423248291
"1203";"PH103501000";14,6355924606323
"1204";"PH153601000";38,6119346618652
"1205";"PH097226000";26,9391899108887
"1206";"PH112501000";30,1062450408936
"1207";"PH126501000";5,14065933227539
"1208";"PH153602000";10,8991498947144
"1209";"PH104202000";27,0991592407227
"1210";"PH097224000";36,9215354919434
"1211";"PH153603000";3,11417436599731
"1212";"PH104302000";7,13356971740723
"1213";"PH103502000";7,8505368232727
"1214";"PH112502000";26,540412902832
"1215";"PH126302000";0,961717307567596
"1216";"PH124716000";8,49928379058838
"1217";"PH112401000";8,80307006835938
"1218";"PH153818000";2,69989442825317
"1219";"PH103503000";30,8498954772949
"1220";"PH175305000";29,39577293396
"1221";"PH101301000";29,5844345092773
"1222";"PH153604000";5,44186401367188
"1223";"PH097303000";6,9555516242981
"1224";"PH153605000";35,2536811828613
"1225";"PH104203000";12,0269432067871
"1226";"PH112503000";15,4428224563599
"1227";"PH112323000";-0,324574559926987
"1228";"PH175306000";36,6752738952637
"1229";"PH153633000";4,47760105133057
"1230";"PH153606000";7,61611080169678
"1231";"PH021508000";1,1995815038681
"1232";"PH153802000";5,40222787857056
"1233";"PH153803000";32,0117645263672
"1234";"PH153637000";3,85059571266174
"1235";"PH160302000";27,9049530029297
"1236";"PH153607000";2,77749395370483
"1237";"PH098302000";1,98445463180542
"1238";"PH101322000";9,17544746398926
"1239";"PH104305000";3,39028286933899
"1240";"PH104204000";7,05763530731201
"1241";"PH153632000";9,07285022735596
"1242";"PH021509000";37,715950012207
"1243";"PH021510000";6,06927728652954
"1244";"PH112504000";28,4866790771484
"1245";"PH112303000";4,23704051971436
"1246";"PH124702000";22,5563640594482
"1247";"PH112505000";20,8187484741211
"1248";"PH166803000";15,7780208587646
"1249";"PH112403000";5,05248785018921
"1250";"PH104307000";30,615650177002
"1251";"PH099701000";3,6711733341217
"1252";"PH124704000";4,6289529800415
"1253";"PH126306000";1,26945674419403
"1254";"PH150702000";4,53265476226807
"1255";"PH101312000";7,40124940872192
"1256";"PH112509000";35,4303016662598
"1257";"PH112315000";4,03725004196167
"1258";"PH126511000";5,41133689880371
"1259";"PH112319000";5,50849342346191
"1260";"PH101321000";10,0632467269897
"1261";"PH104205000";8,28999996185303
"1262";"PH021511000";5,63818311691284
"1263";"PH126502000";15,6401824951172
"1264";"PH118201000";26,4711036682129
"1265";"PH104206000";15,0393085479736
"1266";"PH129804000";7,40075778961182
"1267";"PH101302000";6,797767162323
"1268";"PH101303000";6,2610011100769
"1269";"PH097201000";37,0631790161133
"1270";"PH153828000";38,8840255737305
"1271";"PH153831000";0,0919860899448395
"1272";"PH153830000";35,6258697509766
"1273";"PH153835000";34,3093299865723
"1274";"PH153807000";31,0792617797852
"1275";"PH153805000";31,5567932128906
"1276";"PH153806000";6,29579496383667
"1277";"PH153836000";32,6022300720215
"1278";"PH153826000";34,1331062316895
"1279";"PH153827000";31,7241878509521
"1280";"PH112402000";4,879958152771
"1281";"PH097305000";40,2547950744629
"1282";"PH097306000";9,8757963180542
"1283";"PH098303000";37,8564033508301
"1284";"PH097202000";8,26982498168945
"1285";"PH153624000";3,65947556495667
"1286";"PH101304000";15,0960931777954
"1287";"PH118601000";29,5958976745605
"1288";"PH104217000";14,0235624313354
"1289";"PH097307000";12,5130643844604
"1290";"PH175311000";34,4076080322266
"1291";"PH097308000";27,9333324432373
"1292";"PH126503000";8,0194845199585
"1293";"PH153609000";17,3226528167725
"1294";"PH153819000";36,452522277832
"1295";"PH126303000";1,76526820659637
"1296";"PH104309000";0,649671375751495
"1297";"PH128002000";14,7897481918335
"1298";"PH097225000";12,1970415115356
"1299";"PH021514000";3,90192484855652
"1300";"PH112506000";25,4477996826172
"1301";"PH153825000";35,9160537719727
"1302";"PH097343000";12,8244791030884
"1303";"PH097223000";35,9108238220215
"1304";"PH150710000";20,2088642120361
"1305";"PH150712000";33,0613403320312
"1306";"PH112404000";8,89710807800293
"1307";"PH103504000";2,42872047424316
"1308";"PH098304000";18,0850849151611
"1309";"PH101305000";4,68166351318359
"1310";"PH104310000";2,38994073867798
"1311";"PH098305000";31,9389629364014
"1312";"PH112317000";7,95210266113281
"1313";"PH126504000";1,5609290599823
"1314";"PH104311000";6,52841854095459
"1315";"PH104207000";8,10438919067383
"1316";"PH118602000";32,9733734130859
"1317";"PH097222000";30,8986034393311
"1318";"PH097337000";10,7941856384277
"1319";"PH124703000";2,55626130104065
"1320";"PH098306000";23,4190940856934
"1321";"PH153814000";10,5115785598755
"1322";"PH101306000";3,03197002410889
"1323";"PH126505000";17,9934997558594
"1324";"PH097227000";26,9336757659912
"1325";"PH175321000";10,0745410919189
"1326";"PH101307000";7,60125398635864
"1327";"PH153610000";4,414231300354
"1328";"PH112305000";2,37841796875
"1329";"PH103505000";25,7898044586182
"1330";"PH153639000";3,49794673919678
"1331";"PH097203000";34,5005340576172
"1332";"PH103507000";3,8023374080658
"1333";"PH128003000";34,6767807006836
"1334";"PH101308000";3,10658955574036
"1335";"PH112406000";9,45235061645508
"1336";"PH101309000";12,4921283721924
"1337";"PH103508000";34,4932403564453
"1338";"PH097311000";41,3686637878418
"1339";"PH097204000";2,49136352539062
"1340";"PH160304000";12,683783531189
"1341";"PH118202000";17,0021991729736
"1342";"PH097312000";32,2161674499512
"1343";"PH097205000";25,213207244873
"1344";"PH104314000";0,0757418721914291
"1345";"PH126319000";12,9217290878296
"1346";"PH097333000";5,27798509597778
"1347";"PH103509000";31,8731632232666
"1348";"PH126508000";9,58337020874023
"1349";"PH101310000";4,90579223632812
"1350";"PH150703000";36,5863914489746
"1351";"PH097313000";29,5371913909912
"1352";"PH126506000";9,57920169830322
"1353";"PH104315000";5,29954433441162
"1354";"PH101311000";6,59531402587891
"1355";"PH124705000";3,09464049339294
"1356";"PH097206000";23,9351940155029
"1357";"PH103510000";6,8477954864502
"1358";"PH166812000";25,1482124328613
"1359";"PH104208000";32,3941192626953
"1360";"PH160305000";32,8273658752441
"1361";"PH104316000";25,184850692749
"1362";"PH153611000";5,66083717346191
"1363";"PH153641000";1,73734831809998
"1364";"PH153612000";6,19299840927124
"1365";"PH153636000";6,15677881240845
"1366";"PH112507000";37,1590805053711
"1367";"PH126507000";32,486442565918
"1368";"PH124710000";30,5769920349121
"1369";"PH128004000";26,9429798126221
"1370";"PH118203000";43,5329132080078
"1371";"PH098307000";28,8888816833496
"1372";"PH118204000";7,60850524902344
"1373";"PH153613000";4,56974458694458
"1374";"PH153614000";4,81390810012817
"1375";"PH124706000";15,1394090652466
"1376";"PH103511000";36,4005813598633
"1377";"PH112407000";1,57794523239136
"1378";"PH153634000";6,60135841369629
"1379";"PH097315000";4,67437362670898
"1380";"PH103512000";35,7477188110352
"1381";"PH128005000";29,7897071838379
"1382";"PH124707000";4,8718752861023
"1383";"PH153615000";10,5047969818115
"1384";"PH112408000";13,3192291259766
"1385";"PH098308000";39,4414176940918
"1386";"PH128006000";16,1773738861084
"1387";"PH118603000";29,2242488861084
"1388";"PH101313000";3,34528708457947
"1389";"PH128007000";8,19015979766846
"1390";"PH153820000";42,3884086608887
"1391";"PH112508000";29,2269153594971
"1392";"PH153832000";35,8586959838867
"1393";"PH101314000";9,15631484985352
"1394";"PH104318000";4,73916435241699
"1395";"PH097207000";20,7305946350098
"1396";"PH118205000";7,2958493232727
"1397";"PH101315000";10,2811069488525
"1398";"PH153616000";2,44287419319153
"1399";"PH153617000";4,95635461807251
"1400";"PH097317000";12,6026258468628
"1401";"PH153631000";3,81709337234497
"1402";"PH153618000";6,8216986656189
"1403";"PH124708000";3,61175990104675
"1404";"PH112410000";7,52245378494263
"1405";"PH153809000";9,11390781402588
"1406";"PH103513000";5,63923645019531
"1407";"PH118206000";5,11604499816895
"1408";"PH097318000";15,1299800872803
"1409";"PH124709000";9,02471828460693
"1410";"PH097319000";27,9539394378662
"1411";"PH118207000";32,8515396118164
"1412";"PH118208000";25,9477100372314
"1413";"PH153619000";4,94988584518433
"1414";"PH103514000";6,01502275466919
"1415";"PH097208000";25,3788528442383
"1416";"PH104320000";11,8261680603027
"1417";"PH118209000";5,67734146118164
"1418";"PH098309000";30,8256969451904
"1419";"PH175315000";5,466468334198
"1420";"PH118210000";13,8246221542358
"1421";"PH112314000";0,412317603826523
"1422";"PH126311000";7,09563970565796
"1423";"PH153834000";35,1419105529785
"1424";"PH103515000";6,873703956604
"1425";"PH098310000";39,4161911010742
"1426";"PH104321000";5,39194822311401
"1427";"PH104209000";13,5446710586548
"1428";"PH104210000";6,28325271606445
"1429";"PH112411000";7,43068552017212
"1430";"PH097322000";7,07058095932007
"1431";"PH153822000";26,4186019897461
"1432";"PH153810000";39,6473274230957
"1433";"PH153620000";5,52638673782349
"1434";"PH153823000";43,1609878540039
"1435";"PH126509000";25,3396530151367
"1436";"PH021518000";21,677677154541
"1437";"PH104211000";38,1828422546387
"1438";"PH153833000";23,1446743011475
"1439";"PH101316000";6,3762321472168
"1440";"PH103516000";11,3751049041748
"1441";"PH103523000";8,14714241027832
"1442";"PH118211000";33,0853538513184
"1443";"PH153811000";7,86732292175293
"1444";"PH098311000";35,1663627624512
"1445";"PH153621000";5,65265655517578
"1446";"PH153635000";13,1070232391357
"1447";"PH124711000";12,3625717163086
"1448";"PH124712000";36,8915824890137
"1449";"PH097209000";25,2092609405518
"1450";"PH097338000";24,3791103363037
"1451";"PH104212000";32,6379623413086
"1452";"PH097210000";2,19604659080505
"1453";"PH126312000";2,59941220283508
"1454";"PH153622000";9,35757923126221
"1455";"PH103517000";4,92282629013062
"1456";"PH097211000";29,9205627441406
"1457";"PH126510000";4,32870435714722
"1458";"PH124713000";6,37249135971069
"1459";"PH153623000";1,69751679897308
"1460";"PH175316000";8,07052993774414
"1461";"PH101317000";10,981499671936
"1462";"PH175317000";25,9688777923584
"1463";"PH153829000";38,019474029541
"1464";"PH097323000";13,1297435760498
"1465";"PH097212000";10,8266162872314
"1466";"PH175323000";28,941427230835
"1467";"PH098312000";9,63129997253418
"1468";"PH175318000";30,1675987243652
"1469";"PH153625000";9,06626224517822
"1470";"PH097213000";34,070198059082
"1471";"PH103518000";29,7040367126465
"1472";"PH101318000";8,80988121032715
"1473";"PH112324000";6,85918712615967
"1474";"PH112510000";33,526309967041
"1475";"PH097324000";6,43839645385742
"1476";"PH097325000";7,04095649719238
"1477";"PH175319000";39,8080902099609
"1478";"PH021522000";6,37562847137451
"1479";"PH021523000";4,88669633865356
"1480";"PH112412000";36,235652923584
"1481";"PH160310000";34,1228370666504
"1482";"PH118604000";26,0791912078857
"1483";"PH021525000";5,7311806678772
"1484";"PH126318000";4,18559789657593
"1485";"PH112318000";5,44550323486328
"1486";"PH103519000";29,9536762237549
"1487";"PH104213000";10,315634727478
"1488";"PH118605000";26,7628002166748
"1489";"PH126512000";22,4888820648193
"1490";"PH097214000";11,0862989425659
"1491";"PH153808000";25,1231555938721
"1492";"PH153837000";25,2666854858398
"1493";"PH098313000";31,5034465789795
"1494";"PH097215000";18,6514186859131
"1495";"PH097216000";36,8139305114746
"1496";"PH097217000";27,0219898223877
"1497";"PH104214000";41,1872291564941
"1498";"PH097218000";28,7976531982422
"1499";"PH097219000";36,0545463562012
"1500";"PH097220000";39,2680778503418
"1501";"PH175324000";38,0761299133301
"1502";"PH097340000";11,3119087219238
"1503";"PH153817000";25,4378509521484
"1504";"PH112414000";9,2789945602417
"1505";"PH153640000";3,81266260147095
"1506";"PH153812000";30,546516418457
"1507";"PH153824000";33,20849609375
"1508";"PH103506000";28,455602645874
"1509";"PH153813000";35,1779327392578
"1510";"PH101319000";2,7396183013916
"1511";"PH150705000";30,4858169555664
"1512";"PH126313000";5,51549530029297
"1513";"PH126316000";26,1164722442627
"1514";"PH097327000";12,06898021698
"1515";"PH103520000";2,8816773891449
"1516";"PH104324000";8,44767570495605
"1517";"PH153638000";2,95883440971375
"1518";"PH112322000";15,0003671646118
"1519";"PH101320000";6,40492916107178
"1520";"PH153816000";36,6418609619141
"1521";"PH153821000";29,5196132659912
"1522";"PH098314000";33,9089431762695
"1523";"PH097328000";22,3532905578613
"1524";"PH126314000";27,2613544464111
"1525";"PH153626000";5,04526042938232
"1526";"PH097221000";36,1783027648926
"1527";"PH103521000";4,51547384262085
"1528";"PH104215000";5,35519981384277
"1529";"PH126315000";3,124840259552
"1530";"PH153627000";3,50929403305054
"1531";"PH112511000";29,0115718841553
"1532";"PH097344000";8,68242073059082
"1533";"PH150706000";6,96783638000488
"1534";"PH098315000";33,6829872131348
"1535";"PH160312000";36,9064559936523
"1536";"PH153628000";12,1789588928223
"1537";"PH103522000";39,429328918457
"1538";"PH150707000";35,5977592468262
"1539";"PH104216000";37,6675186157227
"1540";"PH153629000";3,98137426376343
"1541";"PH097330000";28,6834011077881
"1542";"PH124714000";36,626163482666
"1543";"PH098316000";34,2519302368164
"1544";"PH126317000";9,05904388427734
"1545";"PH150711000";25,4902458190918
"1546";"PH153815000";24,5670833587646
"1547";"PH160313000";5,03904247283936
"1548";"PH104326000";3,30700850486755
"1549";"PH097341000";9,50699138641357
"1550";"PH153630000";16,112756729126
"1551";"PH097332000";11,1023712158203
"1552";"PH020901000";6,22306680679321
"1553";"PH020902000";7,80280303955078
"1554";"PH020903000";3,47470307350159
"1555";"PH020904000";3,25374722480774
"1556";"PH020905000";6,49999523162842
"1557";"PH020906000";2,0308940410614
"1558";"PH175304000";13,4679136276245
"1559";"PH157002000";5,1522912979126
"1560";"PH156606000";38,9390258789062
"1561";"PH156601000";33,9705047607422
"1562";"PH156602000";9,4182014465332
"1563";"PH156603000";36,9073371887207
"1564";"PH157009000";32,0074272155762
"1565";"PH156617000";9,72327041625977
"1566";"PH156604000";29,0666542053223
"1567";"PH156605000";10,816065788269
"1568";"PH150704000";33,8930625915527
"1569";"PH157003000";27,5940017700195
"1570";"PH156607000";12,8969306945801
"1571";"PH156619000";11,6396398544312
"1572";"PH156618000";38,8076515197754
"1573";"PH156616000";13,7633800506592
"1574";"PH157001000";4,11253309249878
"1575";"PH156608000";9,66593170166016
"1576";"PH156609000";9,35744380950928
"1577";"PH156610000";31,3777408599854
"1578";"PH156611000";33,3420372009277
"1579";"PH157010000";4,24392223358154
"1580";"PH156612000";35,9796676635742
"1581";"PH157011000";4,85262775421143
"1582";"PH157004000";10,3678646087646
"1583";"PH157005000";7,44288873672485
"1584";"PH157006000";4,33834505081177
"1585";"PH150713000";9,60249137878418
"1586";"PH156613000";8,63889122009277
"1587";"PH157007000";5,00514364242554
"1588";"PH156614000";12,815486907959
"1589";"PH156615000";41,5139694213867
"1590";"PH157008000";32,318359375
