"";"Mun_Code";"Municipality";"Cluster";"adj_scm_CF_M15"
"1";"PH175101000";"Abra De Ilog";"1";7,2955961227417
"2";"PH030801000";"Abucay";"2";2,96106719970703
"3";"PH083701000";"Abuyog";"3";28,6698341369629
"4";"PH045601000";"Agdangan";"1";8,58895206451416
"5";"PH025701000";"Aglipay";"5";3,002037525177
"6";"PH015501000";"Agno";"5";4,56555604934692
"7";"PH041001000";"Agoncillo";"5";1,17981326580048
"8";"PH013301000";"Agoo";"5";1,16195929050446
"9";"PH015502000";"Aguilar";"5";2,29759955406189
"10";"PH175302000";"Agutaya";"1";8,06565189361572
"11";"PH063001000";"Ajuy";"3";40,4349899291992
"12";"PH045602000";"Alabat";"1";7,14959144592285
"13";"PH043401000";"Alaminos";"5";1,57306480407715
"14";"PH083702000";"Alangalang";"4";40,6986770629883
"15";"PH083703000";"Albuera";"4";32,125862121582
"16";"PH015504000";"Alcala";"5";2,32453560829163
"17";"PH175901000";"Alcantara";"4";29,9865226745605
"18";"PH042101000";"Alfonso";"5";0,947771549224854
"19";"PH025015000";"Alfonso Castaneda";"3";5,05559015274048
"20";"PH034901000";"Aliaga";"5";1,71886730194092
"21";"PH012901000";"Alilem";"1";2,66570258140564
"22";"PH063002000";"Alimodian";"3";22,9655151367188
"23";"PH041002000";"Alitagtag";"5";1,62709271907806
"24";"PH084801000";"Allen";"1";42,839527130127
"25";"PH086001000";"Almagro";"4";23,1062602996826
"26";"PH087801000";"Almeria";"3";27,3324851989746
"27";"PH072204000";"Aloguinsan";"3";20,0855827331543
"28";"PH060401000";"Altavas";"3";34,8851356506348
"29";"PH042102000";"Amadeo";"5";1,25538384914398
"30";"PH025001000";"Ambaguio";"1";5,86764097213745
"31";"PH086401000";"Anahawan";"4";13,4712133407593
"32";"PH036901000";"Anao";"5";1,27682864665985
"33";"PH015505000";"Anda";"1";5,40775156021118
"34";"PH031401000";"Angat";"5";1,0843847990036
"35";"PH035401000";"";"5";3,57392907142639
"36";"PH045801000";"Angono";"5";3,79759764671326
"37";"PH063003000";"Anilao";"3";31,0339698791504
"38";"PH060601000";"Anini-Y";"3";26,1139183044434
"39";"PH035402000";"Apalit";"5";4,3406720161438
"40";"PH035403000";"Arayat";"5";1,76831090450287
"41";"PH013302000";"Aringay";"5";1,62069058418274
"42";"PH025002000";"Aritao";"5";2,3781521320343
"43";"PH054101000";"Aroroy";"1";15,3685245513916
"44";"PH082601000";"Arteche";"3";39,2089538574219
"45";"PH015506000";"Asingan";"5";1,5899406671524
"46";"PH142711000";"Asipulo";"3";4,1007285118103
"47";"PH072206000";"Asturias";"3";29,2439556121826
"48";"PH045603000";"Atimonan";"1";3,47676825523376
"49";"PH141101000";"Atok";"5";1,08817553520203
"50";"PH051701000";"Baao";"5";6,76233959197998
"51";"PH083705000";"Babatngon";"4";26,048791885376
"52";"PH050501000";"Bacacay";"1";7,83938837051392
"53";"PH013303000";"Bacnotan";"5";1,96209919452667
"54";"PH175201000";"Baco";"1";29,6639366149902
"55";"PH035404000";"Bacolor";"5";0,894033670425415
"56";"PH042103000";"";"5";1,24652075767517
"57";"PH063004000";"Badiangan";"3";24,3038711547852
"58";"PH025003000";"Bagabag";"5";1,98873496055603
"59";"PH030802000";"Bagac";"5";1,31756639480591
"60";"PH052001000";"Bagamanoc";"1";36,344123840332
"61";"PH141102000";"";"5";9,19113731384277
"62";"PH013304000";"Bagulin";"5";1,55207145214081
"63";"PH141103000";"Bakun";"5";2,35773921012878
"64";"PH031402000";"Balagtas";"5";0,69016444683075
"65";"PH072208000";"Balamban";"3";26,7922477722168
"66";"PH082602000";"Balangiga";"4";47,6081428527832
"67";"PH082603000";"Balangkayan";"3";29,8683757781982
"68";"PH013305000";"Balaoan";"5";1,69766998291016
"69";"PH063005000";"Balasan";"4";31,2751178741455
"70";"PH051702000";"Balatan";"1";21,1653938293457
"71";"PH041003000";"Balayan";"5";1,6293922662735
"72";"PH054102000";"Baleno";"1";24,218957901001
"73";"PH037701000";"Baler";"1";4,56031274795532
"74";"PH041004000";"Balete";"5";1,15825247764587
"75";"PH060402000";"Balete";"3";35,8423385620117
"76";"PH031403000";"";"5";1,24704670906067
"77";"PH054103000";"Balud";"3";30,0662097930908
"78";"PH015507000";"Balungao";"5";1,91871738433838
"79";"PH036902000";"Bamban";"5";1,0984034538269
"80";"PH025004000";"Bambang";"5";1,81563997268677
"81";"PH063006000";"Banate";"3";39,4048271179199
"82";"PH060403000";"Banga";"3";29,648136138916
"83";"PH013306000";"Bangar";"5";2,85731267929077
"84";"PH015508000";"Bani";"5";5,27267599105835
"85";"PH175202000";"Bansud";"5";5,80196475982666
"86";"PH072209000";"Bantayan";"4";41,6612586975098
"87";"PH175902000";"Banton";"1";17,4649753570557
"88";"PH045803000";"Baras";"5";1,13945698738098
"89";"PH052002000";"Baras";"1";36,3242988586426
"90";"PH060602000";"Barbaza";"3";35,7486381530762
"91";"PH056202000";"Barcelona";"1";21,8528347015381
"92";"PH072210000";"Barili";"3";31,9113311767578
"93";"PH063007000";"Barotac Nuevo";"3";29,1676120758057
"94";"PH063008000";"Barotac Viejo";"3";28,4820327758789
"95";"PH083706000";"Barugo";"5";27,5206279754639
"96";"PH086002000";"Basey";"3";46,0277824401855
"97";"PH168501000";"Basilisa";"3";28,2014007568359
"98";"PH015509000";"Basista";"5";1,89331030845642
"99";"PH051601000";"Basud";"5";7,76984262466431
"100";"PH063009000";"Batad";"3";29,7912178039551
"101";"PH060404000";"Batan";"3";40,9483108520508
"102";"PH041005000";"";"5";1,31584525108337
"103";"PH051703000";"Bato";"1";22,1312370300293
"104";"PH052003000";"Bato";"1";37,8460121154785
"105";"PH083707000";"Bato";"3";36,3823890686035
"106";"PH054104000";"Batuan";"1";17,4342384338379
"107";"PH041006000";"Bauan";"5";1,15405404567719
"108";"PH013307000";"Bauang";"2";3,54383897781372
"109";"PH144402000";"Bauko";"5";1,22746396064758
"110";"PH015510000";"Bautista";"5";1,73462343215942
"111";"PH043402000";"Bay";"5";1,51622343063354
"112";"PH015511000";"Bayambang";"5";1,90789830684662
"113";"PH025005000";"Bayombong";"5";1,35448718070984
"114";"PH060603000";"Belison";"5";24,4195098876953
"115";"PH071248000";"Bien Unido";"3";34,8808479309082
"116";"PH087802000";"Biliran";"3";31,3835792541504
"117";"PH015512000";"Binalonan";"5";1,63350582122803
"118";"PH045804000";"Binangonan";"5";0,977192103862762
"119";"PH063010000";"Bingawan";"3";33,9681434631348
"120";"PH015513000";"Binmaley";"2";4,610267162323
"121";"PH133902000";"";"2";28,531831741333
"122";"PH084802000";"Biri";"1";59,3772392272949
"123";"PH174001000";"Boac";"5";3,84368014335632
"124";"PH084803000";"Bobon";"1";36,6772842407227
"125";"PH031404000";"Bocaue";"5";1,30805659294128
"126";"PH141104000";"Bokod";"5";0,92809247970581
"127";"PH015514000";"Bolinao";"1";5,44099569320679
"128";"PH051704000";"Bombon";"1";30,695276260376
"129";"PH034902000";"Bongabon";"5";1,89981961250305
"130";"PH175203000";"Bongabong";"1";7,6127667427063
"131";"PH086402000";"Bontoc";"3";29,9981880187988
"132";"PH072213000";"Borbon";"3";31,7170886993408
"133";"PH037101000";"Botolan";"1";4,84900999069214
"134";"PH045605000";"Buenavista";"1";26,4523181915283
"135";"PH067901000";"Buenavista";"3";55,3857612609863
"136";"PH071209000";"Buenavista";"3";42,3155746459961
"137";"PH174002000";"Buenavista";"5";5,54028034210205
"138";"PH015515000";"Bugallon";"5";4,95832538604736
"139";"PH060604000";"Bugasong";"3";29,5031814575195
"140";"PH141105000";"Buguias";"5";0,553718566894531
"141";"PH051705000";"Buhi";"3";8,90492248535156
"142";"PH051706000";"Bula";"3";16,9795093536377
"143";"PH031405000";"Bulacan";"1";1,80673336982727
"144";"PH175204000";"Bulalacao";"3";32,3638610839844
"145";"PH056203000";"Bulan";"2";20,1211738586426
"146";"PH056204000";"Bulusan";"1";21,7151031494141
"147";"PH083710000";"Burauen";"4";39,6333427429199
"148";"PH045606000";"Burdeos";"1";20,4777145385742
"149";"PH013308000";"Burgos";"5";1,9745922088623
"150";"PH015516000";"Burgos";"5";4,42535400390625
"151";"PH166704000";"Burgos";"1";19,0226516723633
"152";"PH060405000";"Buruanga";"3";28,1577701568604
"153";"PH031406000";"Bustos";"5";0,900301456451416
"154";"PH175307000";"Busuanga";"3";26,5452346801758
"155";"PH013309000";"Caba";"5";2,34865951538086
"156";"PH034903000";"";"5";1,11401176452637
"157";"PH037102000";"Cabangan";"1";4,63053178787231
"158";"PH025702000";"Cabarroguis";"5";2,62969827651978
"159";"PH063012000";"Cabatuan";"3";37,7092666625977
"160";"PH034904000";"Cabiao";"5";1,35740280151367
"161";"PH087803000";"Cabucgayan";"3";26,7781372070312
"162";"PH051707000";"Cabusao";"2";34,3321952819824
"163";"PH043404000";"";"5";3,43867635726929
"164";"PH175308000";"Cagayancillo";"3";5,30095863342285
"165";"PH168502000";"Cagdianao";"4";32,5041007995605
"166";"PH087804000";"Caibiran";"3";20,7669467926025
"167";"PH045805000";"Cainta";"5";2,72224235534668
"168";"PH175903000";"Cajidiocan";"1";22,0989246368408
"169";"PH051708000";"Calabanga";"2";30,2194023132324
"170";"PH041007000";"";"5";1,70838785171509
"171";"PH015517000";"Calasiao";"5";2,10343503952026
"172";"PH041008000";"Calatagan";"5";1,91086709499359
"173";"PH175904000";"Calatrava";"1";18,3992347717285
"174";"PH045607000";"Calauag";"1";20,2843761444092
"175";"PH043406000";"Calauan";"5";1,0843003988266
"176";"PH086003000";"";"3";31,9644641876221
"177";"PH086004000";"Calbiga";"3";29,9351425170898
"178";"PH063013000";"Calinog";"3";21,6190204620361
"179";"PH175102000";"Calintaan";"3";6,98724412918091
"180";"PH137501000";"";"5";3,67381620407104
"181";"PH083713000";"Calubian";"3";35,2588195800781
"182";"PH031407000";"Calumpit";"5";2,89572024345398
"183";"PH060605000";"Caluya";"3";25,9429206848145
"184";"PH050502000";"Camalig";"5";8,04417514801025
"185";"PH051709000";"Camaligan";"5";5,76243829727173
"186";"PH036903000";"Camiling";"5";1,69888234138489
"187";"PH082605000";"Can-Avid";"3";26,8162708282471
"188";"PH051710000";"Canaman";"5";22,5449390411377
"189";"PH035405000";"Candaba";"5";1,16193544864655
"190";"PH037103000";"Candelaria";"2";4,07824850082397
"191";"PH045608000";"Candelaria";"5";2,23074984550476
"192";"PH051602000";"Capalonga";"3";17,3381099700928
"193";"PH036904000";"Capas";"5";1,59588730335236
"194";"PH083714000";"Capoocan";"3";29,2633953094482
"195";"PH084804000";"Capul";"3";35,6097412109375
"196";"PH051711000";"Caramoan";"1";21,7374229431152
"197";"PH052004000";"Caramoran";"1";18,7681427001953
"198";"PH045806000";"Cardona";"5";1,76904094219208
"199";"PH083715000";"Carigara";"3";31,0935707092285
"200";"PH063014000";"Carles";"4";25,0460624694824
"201";"PH072215000";"Carmen";"5";36,3227005004883
"202";"PH042104000";"";"5";1,10293209552765
"203";"PH034905000";"Carranglan";"5";5,09341144561768
"204";"PH037702000";"Casiguran";"1";10,1882448196411
"205";"PH056205000";"Casiguran";"1";7,14686727523804
"206";"PH056206000";"Castilla";"1";20,9124317169189
"207";"PH037104000";"Castillejos";"5";1,40308237075806
"208";"PH054105000";"Cataingan";"3";27,5046119689941
"209";"PH045610000";"Catanauan";"3";7,2415885925293
"210";"PH084805000";"Catarman";"1";23,0758323669434
"211";"PH072216000";"Catmon";"3";20,021068572998
"212";"PH084806000";"Catubig";"3";22,2700271606445
"213";"PH043407000";"Cavinti";"5";2,15853404998779
"214";"PH042105000";"";"5";3,19930243492126
"215";"PH054106000";"Cawayan";"3";39,8908004760742
"216";"PH072217000";"";"5";14,9792528152466
"217";"PH012908000";"Cervantes";"5";1,99115025997162
"218";"PH015503000";"";"5";2,08055543899536
"219";"PH045802000";"";"5";1,11783444881439
"220";"PH030803000";"";"2";1,82308757305145
"221";"PH083708000";"";"5";29,7630023956299
"222";"PH043403000";"";"5";0,899563133716583
"223";"PH072211000";"";"4";30,8342056274414
"224";"PH082604000";"";"3";25,7548198699951
"225";"PH043405000";"";"5";1,27673935890198
"226";"PH175205000";"";"5";3,12536096572876
"227";"PH072214000";"";"5";23,8427867889404
"228";"PH086005000";"";"4";29,8404998779297
"229";"PH042106000";"";"5";0,433839023113251
"230";"PH034908000";"";"5";1,88248360157013
"231";"PH042108000";"";"5";0,631780564785004
"232";"PH137601000";"";"5";1,58895242214203
"233";"PH050508000";"";"5";7,00336360931396
"234";"PH086407000";"";"1";25,5773544311523
"235";"PH137602000";"";"5";4,76947832107544
"236";"PH137502000";"";"2";3,49510622024536
"237";"PH031410000";"";"5";0,874127686023712
"238";"PH137401000";"";"5";4,73797750473022
"239";"PH137402000";"";"5";4,3458981513977
"240";"PH054111000";"";"3";7,49230575561523
"241";"PH031412000";"";"5";0,897506773471832
"242";"PH137603000";"";"5";1,23059260845184
"243";"PH072234000";"";"1";28,9268054962158
"244";"PH137503000";"";"2";3,63410925865173
"245";"PH137604000";"";"5";3,11246776580811
"246";"PH137403000";"";"5";0,826064348220825
"247";"PH063035000";"";"3";32,2142028808594
"248";"PH013314000";"";"1";2,13324642181396
"249";"PH035416000";"";"5";2,77998614311218
"250";"PH031420000";"";"5";0,782131135463715
"251";"PH137405000";"";"5";7,40276432037354
"252";"PH043425000";"";"5";3,74106311798096
"253";"PH043428000";"";"5";1,11349081993103
"254";"PH023135000";"";"5";1,94820427894592
"255";"PH056216000";"";"1";8,71225833892822
"256";"PH050517000";"";"4";6,29547834396362
"257";"PH072250000";"";"5";18,3954467773438
"258";"PH041031000";"";"5";0,795164048671722
"259";"PH036916000";"";"5";1,13290178775787
"260";"PH045647000";"";"5";2,02226710319519
"261";"PH015546000";"";"5";1,82865822315216
"262";"PH137504000";"";"5";4,44010591506958
"263";"PH054107000";"Claveria";"1";16,4740505218506
"264";"PH072218000";"Compostela";"5";25,1417407989502
"265";"PH036905000";"Concepcion";"5";0,794246315956116
"266";"PH063015000";"Concepcion";"3";46,2566528320312
"267";"PH175905000";"Concepcion";"1";6,83166027069092
"268";"PH072219000";"Consolacion";"1";12,6010065078735
"269";"PH175906000";"Corcuera";"1";12,3755912780762
"270";"PH023109000";"Cordon";"5";2,05324649810791
"271";"PH072220000";"Cordova";"1";28,5250301361084
"272";"PH175309000";"Coron";"3";8,73254489898682
"273";"PH061901000";"Cuartero";"3";45,2118606567383
"274";"PH041009000";"Cuenca";"5";1,15008211135864
"275";"PH087805000";"Culaba";"3";48,8272132873535
"276";"PH060606000";"Culasi";"3";27,8220653533936
"277";"PH175322000";"Culion";"3";33,599666595459
"278";"PH034906000";"Cuyapo";"5";3,37055850028992
"279";"PH175310000";"Cuyo";"5";6,12174606323242
"280";"PH072221000";"Daanbantayan";"4";42,1538734436035
"281";"PH051603000";"Daet";"5";3,56671142578125
"282";"PH083717000";"Dagami";"3";38,020923614502
"283";"PH015518000";"";"2";2,66719150543213
"284";"PH072223000";"";"5";29,6756019592285
"285";"PH061902000";"Dao";"3";41,8293418884277
"286";"PH166707000";"Dapa";"1";22,9485721588135
"287";"PH050503000";"Daraga";"5";3,17138814926147
"288";"PH086006000";"Daram";"3";17,593376159668
"289";"PH015519000";"Dasol";"1";6,00133371353149
"290";"PH166708000";"Del Carmen";"1";28,0536575317383
"291";"PH051712000";"Del Gallego";"3";7,52196598052979
"292";"PH025006000";"Diadi";"5";3,06364607810974
"293";"PH025703000";"Diffun";"5";2,5610978603363
"294";"PH037703000";"Dilasag";"3";5,42510795593262
"295";"PH054108000";"Dimasalang";"3";36,0948028564453
"296";"PH168503000";"Dinagat";"3";25,4879989624023
"297";"PH037704000";"Dinalungan";"1";6,63793325424194
"298";"PH030804000";"Dinalupihan";"5";1,83033549785614
"299";"PH037705000";"Dingalan";"1";5,84276008605957
"300";"PH063016000";"Dingle";"3";16,2429904937744
"301";"PH037706000";"Dipaculao";"1";5,03959846496582
"302";"PH045615000";"Dolores";"5";1,88007068634033
"303";"PH082606000";"Dolores";"3";35,1137733459473
"304";"PH031424000";"Do�a Remedios Trinidad";"3";6,00707101821899
"305";"PH056207000";"Donsol";"1";18,2649383544922
"306";"PH063017000";"Due�as";"3";31,8373432159424
"307";"PH083718000";"Dulag";"3";46,5509033203125
"308";"PH061903000";"Dumalag";"3";35,1020889282227
"309";"PH063018000";"Dumangas";"3";32,7705230712891
"310";"PH061904000";"Dumarao";"3";35,8260917663574
"311";"PH025007000";"Dupax del Norte";"5";2,49617171287537
"312";"PH025008000";"Dupax del Sur";"5";4,03456497192383
"313";"PH023112000";"Echague";"5";2,28046464920044
"314";"PH175312000";"El Nido";"1";6,68990659713745
"315";"PH133908000";"";"2";28,531831741333
"316";"PH054109000";"Esperanza";"3";35,0190353393555
"317";"PH063019000";"Estancia";"4";29,9602680206299
"318";"PH043408000";"Famy";"5";2,62999367713928
"319";"PH175916000";"Ferrol";"3";6,56632804870605
"320";"PH035406000";"Floridablanca";"5";2,54758620262146
"321";"PH034907000";"Gabaldon";"5";5,24462127685547
"322";"PH051713000";"Gainza";"5";31,0139827728271
"323";"PH084807000";"Gamay";"1";28,031867980957
"324";"PH086007000";"Gandara";"3";41,435863494873
"325";"PH051714000";"Garchitorena";"1";16,7119102478027
"326";"PH174003000";"Gasan";"5";4,61973905563354
"327";"PH042123000";"Gen. Mariano Alvarez";"5";0,939886212348938
"328";"PH042107000";"General Emilio Aguinaldo";"5";1,32753527164459
"329";"PH045616000";"General Luna";"3";34,7825965881348
"330";"PH166710000";"General Luna";"3";9,1911096572876
"331";"PH082607000";"General Macarthur";"3";22,7954158782959
"332";"PH034909000";"General Mamerto Natividad";"5";2,8221607208252
"333";"PH045617000";"General Nakar";"1";19,2288799285889
"334";"PH034910000";"General Tinio";"5";1,62766122817993
"335";"PH036906000";"Gerona";"5";1,44217646121979
"336";"PH071226000";"Getafe";"3";32,4901809692383
"337";"PH052005000";"Gigmoto";"4";20,3517093658447
"338";"PH082608000";"Giporlos";"3";21,1344394683838
"339";"PH175206000";"Gloria";"5";6,78036785125732
"340";"PH051715000";"Goa";"3";30,86474609375
"341";"PH035407000";"Guagua";"5";0,777233123779297
"342";"PH056208000";"Gubat";"2";7,71706056594849
"343";"PH031408000";"Guiguinto";"5";0,931351542472839
"344";"PH034911000";"Guimba";"5";2,00779366493225
"345";"PH063020000";"Guimbal";"3";45,7701530456543
"346";"PH045618000";"Guinayangan";"1";24,6517562866211
"347";"PH050504000";"Guinobatan";"5";8,5087947845459
"348";"PH082609000";"Guiuan";"3";40,7161445617676
"349";"PH045619000";"Gumaca";"1";27,8479518890381
"350";"PH031409000";"Hagonoy";"2";1,76087999343872
"351";"PH060608000";"Hamtic";"3";27,2827262878418
"352";"PH030805000";"Hermosa";"5";3,00466203689575
"353";"PH082610000";"Hernani";"4";29,954553604126
"354";"PH083719000";"Hilongos";"3";42,9204216003418
"355";"PH086008000";"Hinabangan";"3";40,6638298034668
"356";"PH083720000";"Hindang";"5";26,1187725067139
"357";"PH142709000";"Hingyon";"3";3,21977829933167
"358";"PH086403000";"Hinunangan";"2";16,8631267547607
"359";"PH086404000";"Hinundayan";"2";23,3929920196533
"360";"PH142702000";"Hungduan";"3";5,17009353637695
"361";"PH037105000";"Iba";"2";2,2509126663208
"362";"PH041010000";"Ibaan";"5";1,25237429141998
"363";"PH060406000";"Ibajay";"5";20,7944450378418
"364";"PH063021000";"Igbaras";"3";24,9079990386963
"365";"PH063022000";"";"5";29,6057834625244
"366";"PH042109000";"";"5";0,873751938343048
"367";"PH071224000";"Inabanga";"3";25,8821086883545
"368";"PH042110000";"Indang";"5";1,28437983989716
"369";"PH015520000";"Infanta";"5";7,93234920501709
"370";"PH045620000";"Infanta";"2";32,0712890625
"371";"PH083721000";"Inopacan";"5";31,5345478057861
"372";"PH133909000";"";"5";25,4558925628662
"373";"PH051716000";"";"5";6,50033521652222
"374";"PH056209000";"Irosin";"1";9,51359176635742
"375";"PH083722000";"Isabel";"3";34,0269775390625
"376";"PH141106000";"Itogon";"5";0,968913495540619
"377";"PH061905000";"Ivisan";"3";39,5028533935547
"378";"PH034912000";"Jaen";"5";1,46304702758789
"379";"PH045807000";"Jala-Jala";"5";1,26080536842346
"380";"PH061906000";"Jamindan";"3";47,3919677734375
"381";"PH063023000";"Janiuay";"3";26,3542175292969
"382";"PH083723000";"Jaro";"4";44,582706451416
"383";"PH083724000";"Javier";"3";29,0473899841309
"384";"PH086009000";"Jiabong";"3";38,2644844055176
"385";"PH082611000";"Jipapad";"3";18,5824394226074
"386";"PH045621000";"Jomalig";"4";15,8922758102417
"387";"PH023115000";"Jones";"5";2,36284399032593
"388";"PH067902000";"Jordan";"3";29,96706199646
"389";"PH051605000";"Jose Panganiban";"3";29,8819217681885
"390";"PH050505000";"Jovellar";"3";36,4040222167969
"391";"PH056210000";"Juban";"1";17,9733028411865
"392";"PH083725000";"Julita";"4";37,3725891113281
"393";"PH141107000";"Kabayan";"5";1,95955777168274
"394";"PH043409000";"Kalayaan";"5";3,76891779899597
"395";"PH060407000";"Kalibo";"5";20,2065391540527
"396";"PH083726000";"Kananga";"4";39,5641860961914
"397";"PH141108000";"Kapangan";"1";1,54731464385986
"398";"PH025009000";"Kasibu";"3";4,16786623001099
"399";"PH087806000";"Kawayan";"4";31,1111717224121
"400";"PH042111000";"Kawit";"2";4,17014360427856
"401";"PH025010000";"Kayapa";"3";4,09377002716064
"402";"PH142703000";"Kiangan";"1";4,5
"403";"PH141109000";"Kibungan";"5";1,1671724319458
"404";"PH036907000";"La Paz";"5";1,6490478515625
"405";"PH083728000";"La Paz";"4";39,7406158447266
"406";"PH141110000";"La Trinidad";"5";11,1659832000732
"407";"PH051606000";"Labo";"3";7,81124401092529
"408";"PH015521000";"Labrador";"2";3,20327234268188
"409";"PH142704000";"Lagawe";"5";3,7939019203186
"410";"PH051717000";"Lagonoy";"1";7,85795402526855
"411";"PH063025000";"Lambunao";"3";18,1721630096436
"412";"PH142705000";"Lamut";"5";1,95352971553802
"413";"PH015548000";"Laoac";"5";1,38316810131073
"414";"PH084808000";"Laoang";"1";54,4187049865723
"415";"PH084809000";"Lapinig";"3";55,2129364013672
"416";"PH072226000";"";"1";15,1581659317017
"417";"PH084810000";"Las Navas";"3";28,6381072998047
"418";"PH060609000";"Laua-An";"3";27,0788669586182
"419";"PH034913000";"Laur";"5";5,42893743515015
"420";"PH041011000";"Laurel";"5";1,11942112445831
"421";"PH084811000";"Lavezares";"1";53,2764015197754
"422";"PH082612000";"Lawaan";"4";36,9640502929688
"423";"PH063026000";"Leganes";"3";23,5257167816162
"424";"PH050506000";"";"5";3,6252224445343
"425";"PH041012000";"Lemery";"5";1,23869431018829
"426";"PH063027000";"Lemery";"4";28,4830951690674
"427";"PH063028000";"Leon";"3";23,962926864624
"428";"PH083729000";"Leyte";"3";35,734676361084
"429";"PH060408000";"Lezo";"5";16,3336982727051
"430";"PH041013000";"Lian";"5";1,91097247600555
"431";"PH060409000";"Libacao";"3";45,0670509338379
"432";"PH086405000";"Libagon";"1";25,4768772125244
"433";"PH060610000";"Libertad";"3";32,521858215332
"434";"PH168504000";"Libjo";"1";8,26877880096436
"435";"PH051718000";"Libmanan";"3";27,8463649749756
"436";"PH050507000";"Libon";"3";23,0922336578369
"437";"PH034914000";"Licab";"5";2,48402833938599
"438";"PH043410000";"Liliw";"5";2,62078261375427
"439";"PH072227000";"Liloan";"1";10,9843263626099
"440";"PH086406000";"Liloan";"1";19,3911876678467
"441";"PH086419000";"Limasawa";"1";19,632740020752
"442";"PH030806000";"Limay";"1";2,38440871238708
"443";"PH175313000";"Linapacan";"1";6,37963914871216
"444";"PH015522000";"Lingayen";"2";5,87494802474976
"445";"PH041014000";"";"5";0,865249276161194
"446";"PH034915000";"Llanera";"5";2,53444838523865
"447";"PH082613000";"Llorente";"3";27,0887622833252
"448";"PH041015000";"Lobo";"5";2,19391918182373
"449";"PH175103000";"Looc";"1";5,98231077194214
"450";"PH175907000";"Looc";"5";6,82721710205078
"451";"PH084824000";"Lope De Vega";"3";22,6615467071533
"452";"PH045622000";"Lopez";"1";28,5806865692139
"453";"PH168505000";"Loreto";"1";17,3560333251953
"454";"PH043411000";"Los Ba�os";"5";1,19997978210449
"455";"PH175104000";"Lubang";"1";3,75208806991577
"456";"PH035408000";"Lubao";"5";1,0719678401947
"457";"PH045623000";"Lucban";"5";1,03828012943268
"458";"PH045624000";"";"5";3,40470600128174
"459";"PH043412000";"Luisiana";"5";1,20867192745209
"460";"PH043413000";"Lumban";"5";1,55991923809052
"461";"PH013310000";"Luna";"1";1,59788298606873
"462";"PH034916000";"Lupao";"5";2,02412223815918
"463";"PH051719000";"Lupi";"3";6,26990604400635
"464";"PH061907000";"Ma-Ayon";"3";31,9282970428467
"465";"PH063029000";"Maasin";"3";28,7333126068115
"466";"PH035409000";"";"5";3,72508454322815
"467";"PH015523000";"Mabini";"5";6,4970064163208
"468";"PH041016000";"Mabini";"5";2,41264963150024
"469";"PH043414000";"Mabitac";"4";3,89725136756897
"470";"PH035410000";"Macabebe";"5";2,13041663169861
"471";"PH045625000";"Macalelon";"1";14,6871643066406
"472";"PH083730000";"Macarthur";"4";45,6265869140625
"473";"PH086408000";"Macrohon";"1";34,788459777832
"474";"PH060410000";"Madalag";"3";45,8349418640137
"475";"PH025704000";"Maddela";"5";1,83634495735168
"476";"PH072228000";"Madridejos";"3";44,7662811279297
"477";"PH035411000";"Magalang";"5";0,782040476799011
"478";"PH042112000";"Magallanes";"5";2,06275773048401
"479";"PH056211000";"Magallanes";"1";23,1140422821045
"480";"PH051720000";"Magarao";"5";22,8651905059814
"481";"PH043415000";"Magdalena";"5";2,28717803955078
"482";"PH175908000";"Magdiwang";"1";31,6247520446777
"483";"PH175105000";"Magsaysay";"3";5,93886232376099
"484";"PH175314000";"Magsaysay";"5";5,51967573165894
"485";"PH083731000";"Mahaplag";"3";58,0867233276367
"486";"PH043416000";"Majayjay";"5";2,2203323841095
"487";"PH060411000";"Makato";"4";30,788875579834
"488";"PH015524000";"Malasiqui";"5";1,83509850502014
"489";"PH133910000";"";"2";28,2015151977539
"490";"PH060412000";"Malay";"3";35,3661003112793
"491";"PH050509000";"Malilipot";"5";9,69284248352051
"492";"PH050510000";"Malinao";"5";30,3651580810547
"493";"PH060413000";"Malinao";"3";32,9199523925781
"494";"PH086409000";"Malitbog";"1";25,2987499237061
"495";"PH041017000";"Malvar";"5";1,21277582645416
"496";"PH175106000";"Mamburao";"2";7,98471164703369
"497";"PH061908000";"Mambusao";"3";32,714298248291
"498";"PH015525000";"Manaoag";"5";1,99078595638275
"499";"PH054110000";"Mandaon";"3";28,3158206939697
"500";"PH072230000";"";"3";27,0155582427979
"501";"PH015526000";"Mangaldan";"5";3,44843530654907
"502";"PH015527000";"Mangatarem";"5";2,15740919113159
"503";"PH050511000";"Manito";"4";21,1718883514404
"504";"PH141111000";"Mankayan";"5";1,02821898460388
"505";"PH175207000";"Mansalay";"1";24,1416873931885
"506";"PH084812000";"Mapanas";"1";30,2516193389893
"507";"PH015528000";"Mapandan";"5";1,14988481998444
"508";"PH086010000";"Marabut";"3";26,2132587432861
"509";"PH042113000";"Maragondon";"5";1,77847468852997
"510";"PH037707000";"Maria Aurora";"5";2,37465786933899
"511";"PH031411000";"Marilao";"5";1,61976802349091
"512";"PH087807000";"Maripipi";"3";27,007984161377
"513";"PH030807000";"Mariveles";"5";1,10734724998474
"514";"PH035412000";"Masantol";"5";3,46358227729797
"515";"PH037106000";"Masinloc";"1";2,83908748626709
"516";"PH082614000";"Maslog";"3";13,0132179260254
"517";"PH041018000";"Mataasnakahoy";"5";1,75088763237
"518";"PH083733000";"Matag-Ob";"3";32,1198120117188
"519";"PH083734000";"Matalom";"3";37,4229469299316
"520";"PH056212000";"Matnog";"1";21,3217258453369
"521";"PH086011000";"Matuguinao";"3";28,2663421630859
"522";"PH045627000";"Mauban";"1";6,62532758712769
"523";"PH036908000";"Mayantoc";"5";1,95715141296387
"524";"PH082615000";"Maydolong";"3";32,1170387268066
"525";"PH083735000";"Mayorga";"4";37,1644821166992
"526";"PH142706000";"Mayoyao";"3";3,18382215499878
"527";"PH072231000";"Medellin";"3";34,2848281860352
"528";"PH042114000";"Mendez";"5";1,09277546405792
"529";"PH051607000";"Mercedes";"1";22,1789131164551
"530";"PH082616000";"Mercedes";"4";19,8505764007568
"531";"PH083736000";"Merida";"3";23,8901691436768
"532";"PH035413000";"Mexico";"5";3,43841552734375
"533";"PH063030000";"Miagao";"3";24,5587768554688
"534";"PH054112000";"Milagros";"3";29,1389713287354
"535";"PH051721000";"Milaor";"5";7,99296951293945
"536";"PH063031000";"Mina";"3";31,7187614440918
"537";"PH051722000";"Minalabac";"1";27,3028316497803
"538";"PH035414000";"Minalin";"5";1,38095688819885
"539";"PH072232000";"Minglanilla";"5";13,3067321777344
"540";"PH054113000";"Mobo";"3";25,8134841918945
"541";"PH174004000";"Mogpog";"5";3,08193421363831
"542";"PH036909000";"Moncada";"5";2,19922065734863
"543";"PH084813000";"Mondragon";"1";64,8587417602539
"544";"PH054114000";"Monreal";"4";22,956844329834
"545";"PH030808000";"Morong";"1";3,15997862815857
"546";"PH045809000";"Morong";"5";1,82553446292877
"547";"PH086012000";"Motiong";"3";29,2950382232666
"548";"PH045628000";"Mulanay";"3";32,7859191894531
"549";"PH060414000";"Nabas";"5";18,2602005004883
"550";"PH051723000";"Nabua";"5";17,0096244812012
"551";"PH051724000";"";"5";2,81594514846802
"552";"PH043417000";"Nagcarlan";"5";1,82819736003876
"553";"PH025706000";"Nagtipunan";"3";2,9415295124054
"554";"PH013311000";"Naguilian";"5";1,53397798538208
"555";"PH042115000";"Naic";"5";1,6699481010437
"556";"PH034918000";"Nampicuan";"5";2,16377925872803
"557";"PH041019000";"Nasugbu";"5";2,20115733146667
"558";"PH015529000";"Natividad";"5";2,13569498062134
"559";"PH175208000";"Naujan";"5";7,62880420684814
"560";"PH087808000";"Naval";"3";23,156343460083
"561";"PH063032000";"New Lucena";"3";35,1838455200195
"562";"PH060415000";"New Washington";"5";19,1745662689209
"563";"PH031413000";"Norzagaray";"5";0,925743520259857
"564";"PH042116000";"Noveleta";"2";2,32408595085144
"565";"PH067903000";"Nueva Valencia";"3";24,8089447021484
"566";"PH060416000";"Numancia";"5";20,7908992767334
"567";"PH050512000";"Oas";"3";47,2720489501953
"568";"PH031414000";"Obando";"2";3,47149777412415
"569";"PH051725000";"Ocampo";"3";43,7619361877441
"570";"PH175909000";"Odiongan";"1";5,49165487289429
"571";"PH037107000";"";"2";1,02137458324432
"572";"PH030809000";"Orani";"5";1,2692539691925
"573";"PH082617000";"Oras";"4";27,7298164367676
"574";"PH030810000";"Orion";"2";4,24182796478271
"575";"PH083738000";"";"4";27,8885765075684
"576";"PH063034000";"Oton";"3";29,5425624847412
"577";"PH133911000";"";"5";26,1749248504639
"578";"PH045629000";"Padre Burgos";"1";7,23554992675781
"579";"PH086410000";"Padre Burgos";"1";22,3743438720703
"580";"PH041020000";"Padre Garcia";"5";1,25569427013397
"581";"PH043418000";"Paete";"5";2,20707750320435
"582";"PH045630000";"Pagbilao";"1";2,6592013835907
"583";"PH086026000";"Pagsanghan";"3";45,6498641967773
"584";"PH043419000";"Pagsanjan";"5";1,45970153808594
"585";"PH043420000";"Pakil";"5";2,59742021560669
"586";"PH054115000";"Palanas";"3";30,196174621582
"587";"PH084814000";"Palapag";"1";28,5412940979004
"588";"PH037108000";"Palauig";"2";6,90266132354736
"589";"PH034919000";"";"5";2,83136940002441
"590";"PH083739000";"Palo";"3";47,8753128051758
"591";"PH083740000";"Palompon";"3";32,1174011230469
"592";"PH175107000";"Paluan";"1";26,2079906463623
"593";"PH084815000";"Pambujan";"2";41,8902320861816
"594";"PH051726000";"Pamplona";"3";27,5918865203857
"595";"PH061909000";"Panay";"3";29,867488861084
"596";"PH133912000";"";"1";25,6570491790771
"597";"PH052006000";"Pandan";"4";18,9108085632324
"598";"PH060611000";"Pandan";"5";30,8820095062256
"599";"PH031415000";"Pandi";"5";1,05385708808899
"600";"PH052007000";"Panganiban";"2";21,4608955383301
"601";"PH043421000";"Pangil";"5";3,08186411857605
"602";"PH036910000";"Paniqui";"5";1,35719442367554
"603";"PH061910000";"Panitan";"5";53,4413795471191
"604";"PH034920000";"Pantabangan";"5";3,40219831466675
"605";"PH045631000";"Panukulan";"1";24,7611827850342
"606";"PH031416000";"Paombong";"5";2,41162204742432
"607";"PH051608000";"Paracale";"1";25,7439498901367
"608";"PH086022000";"Paranas";"3";22,9880886077881
"609";"PH051727000";"Pasacao";"1";27,3332843780518
"610";"PH137605000";"";"5";5,15553522109985
"611";"PH083741000";"Pastrana";"3";47,6309700012207
"612";"PH137606000";"Pateros";"5";1,15336465835571
"613";"PH045632000";"Patnanungan";"1";14,3756771087646
"614";"PH060612000";"Patnongon";"3";38,0236015319824
"615";"PH063036000";"Pavia";"5";12,2844038009644
"616";"PH034921000";"Pe�aranda";"5";3,10454487800598
"617";"PH045633000";"Perez";"1";23,6304035186768
"618";"PH043422000";"Pila";"5";1,31753158569336
"619";"PH030811000";"Pilar";"2";1,80700063705444
"620";"PH056213000";"Pilar";"1";20,3158855438232
"621";"PH061911000";"Pilar";"3";35,1429138183594
"622";"PH072236000";"Pilar";"3";32,3232765197754
"623";"PH166716000";"Pilar";"1";21,4945907592773
"624";"PH051728000";"Pili";"5";21,2613334655762
"625";"PH045810000";"Pililla";"5";1,89710247516632
"626";"PH086013000";"Pinabacdao";"3";21,2535457611084
"627";"PH175209000";"Pinamalayan";"5";9,8037576675415
"628";"PH072237000";"Pinamungajan";"3";20,0040168762207
"629";"PH086411000";"Pintuyan";"1";18,7633304595947
"630";"PH050513000";"Pio Duran";"1";23,0967063903809
"631";"PH054116000";"Pio V. Corpus";"3";7,27527475357056
"632";"PH045634000";"Pitogo";"1";22,7180595397949
"633";"PH054117000";"Placer";"3";8,95954704284668
"634";"PH031417000";"Plaridel";"5";2,80964541435242
"635";"PH045635000";"Plaridel";"5";4,20719051361084
"636";"PH175210000";"Pola";"1";7,39943933486938
"637";"PH050514000";"Polangui";"5";28,0091190338135
"638";"PH045636000";"Polillo";"1";21,9176006317139
"639";"PH061912000";"Pontevedra";"3";26,6779518127441
"640";"PH035415000";"Porac";"5";2,55774879455566
"641";"PH072238000";"Poro";"3";21,5427703857422
"642";"PH133913000";"";"5";26,6003589630127
"643";"PH063037000";"Pototan";"3";36,9397583007812
"644";"PH015530000";"Pozorrubio";"5";1,64870262145996
"645";"PH071235000";"President Carlos P. Garcia";"1";26,6332874298096
"646";"PH051729000";"Presentacion";"1";24,113260269165
"647";"PH061913000";"President Roxas";"3";38,9434814453125
"648";"PH056214000";"Prieto Diaz";"1";19,0276222229004
"649";"PH175211000";"Puerto Galera";"1";7,8361005783081
"650";"PH013312000";"Pugo";"5";1,23062980175018
"651";"PH031418000";"Pulilan";"5";1,07079935073853
"652";"PH036911000";"Pura";"5";1,5621052980423
"653";"PH025011000";"Quezon";"5";2,44249629974365
"654";"PH034922000";"Quezon";"5";2,2768406867981
"655";"PH045637000";"Quezon";"1";19,2054023742676
"656";"PH137404000";"";"5";3,60104036331177
"657";"PH133903000";"";"5";26,03688621521
"658";"PH082618000";"Quinapondan";"3";18,1584873199463
"659";"PH051730000";"Ragay";"1";21,3165664672852
"660";"PH036912000";"Ramos";"5";2,55841302871704
"661";"PH050515000";"Rapu-Rapu";"1";34,6497383117676
"662";"PH045638000";"Real";"1";28,5810203552246
"663";"PH034923000";"Rizal";"5";3,11170077323914
"664";"PH043423000";"Rizal";"5";2,31080985069275
"665";"PH175108000";"Rizal";"3";5,4325385093689
"666";"PH045808000";"Rodriguez";"5";1,84805953502655
"667";"PH175910000";"Romblon";"1";25,3110904693604
"668";"PH015531000";"Rosales";"5";1,21882379055023
"669";"PH013313000";"Rosario";"5";1,55683732032776
"670";"PH041021000";"Rosario";"5";1,71527373790741
"671";"PH042117000";"Rosario";"5";1,7201920747757
"672";"PH084816000";"Rosario";"1";44,2126693725586
"673";"PH175212000";"Roxas";"5";7,81487846374512
"674";"PH061914000";"";"3";23,5257205963135
"675";"PH144407000";"Sabangan";"1";4,99976873397827
"676";"PH141112000";"Sablan";"5";5,38101577758789
"677";"PH175109000";"Sablayan";"1";7,29374551773071
"678";"PH051731000";"Sag�ay";"1";31,5436954498291
"679";"PH025705000";"Saguday";"5";2,2552125453949
"680";"PH086412000";"Saint Bernard";"1";22,0079917907715
"681";"PH082619000";"Salcedo";"3";39,7132797241211
"682";"PH030812000";"Samal";"2";2,10612082481384
"683";"PH045639000";"Sampaloc";"5";2,53786206245422
"684";"PH133906000";"";"5";25,9336280822754
"685";"PH023127000";"San Agustin";"5";1,24553728103638
"686";"PH175911000";"San Agustin";"1";25,2476654052734
"687";"PH045640000";"San Andres";"1";21,2445259094238
"688";"PH052008000";"San Andres";"1";20,6411209106445
"689";"PH175912000";"San Andres";"1";7,05311441421509
"690";"PH034924000";"San Antonio";"5";1,46290445327759
"691";"PH037109000";"San Antonio";"5";1,99994874000549
"692";"PH045641000";"San Antonio";"5";2,04630303382874
"693";"PH084817000";"San Antonio";"3";31,0227184295654
"694";"PH166718000";"San Benito";"3";37,2115631103516
"695";"PH015532000";"";"5";3,01569104194641
"696";"PH036913000";"San Clemente";"5";2,01655054092407
"697";"PH063038000";"San Dionisio";"4";31,0358943939209
"698";"PH063039000";"San Enrique";"3";25,3670520782471
"699";"PH015533000";"San Fabian";"2";4,09066724777222
"700";"PH037110000";"San Felipe";"2";3,357266664505
"701";"PH051732000";"San Fernando";"1";10,6944780349731
"702";"PH054118000";"San Fernando";"1";22,8783054351807
"703";"PH072241000";"San Fernando";"1";26,3068027496338
"704";"PH175913000";"San Fernando";"1";18,8729858398438
"705";"PH045642000";"San Francisco";"1";16,7223072052002
"706";"PH072242000";"San Francisco";"3";39,0657005310059
"707";"PH086413000";"San Francisco";"1";19,4105491638184
"708";"PH013315000";"San Gabriel";"5";1,81177377700806
"709";"PH031419000";"San Ildefonso";"5";1,29916548728943
"710";"PH034925000";"San Isidro";"5";1,305992603302
"711";"PH083742000";"San Isidro";"4";34,3146095275879
"712";"PH084818000";"San Isidro";"1";14,7014236450195
"713";"PH166720000";"San Isidro";"1";22,7539138793945
"714";"PH015534000";"San Jacinto";"5";1,94686460494995
"715";"PH054119000";"San Jacinto";"3";20,9772434234619
"716";"PH063040000";"San Joaquin";"3";24,7495746612549
"717";"PH086025000";"San Jorge";"3";33,0276908874512
"718";"PH036918000";"San Jose";"5";3,17681527137756
"719";"PH041022000";"San Jose";"5";0,952172994613647
"720";"PH051733000";"San Jose";"1";7,29703569412231
"721";"PH060613000";"San Jose";"5";33,5794334411621
"722";"PH084819000";"San Jose";"3";37,2392997741699
"723";"PH168506000";"San Jose";"3";31,8332633972168
"724";"PH175110000";"San Jose";"5";4,39294528961182
"725";"PH175914000";"San Jose";"3";21,6658992767334
"726";"PH034926000";"";"5";2,03169631958008
"727";"PH086014000";"San Jose De Buan";"3";20,3663959503174
"728";"PH013316000";"San Juan";"5";1,99444615840912
"729";"PH041023000";"San Juan";"5";2,03602647781372
"730";"PH086414000";"San Juan";"1";20,4491233825684
"731";"PH082620000";"San Julian";"3";34,2717971801758
"732";"PH034927000";"San Leonardo";"5";1,69872689247131
"733";"PH067904000";"San Lorenzo";"3";31,6476764678955
"734";"PH051604000";"San Lorenzo Ruiz";"3";25,6936511993408
"735";"PH035417000";"San Luis";"5";1,03110766410828
"736";"PH037708000";"San Luis";"3";5,44360160827637
"737";"PH041024000";"San Luis";"5";1,69801962375641
"738";"PH015535000";"San Manuel";"5";1,71765327453613
"739";"PH036914000";"San Manuel";"5";1,68402421474457
"740";"PH037111000";"San Marcelino";"5";1,86539125442505
"741";"PH045811000";"San Mateo";"5";0,956734240055084
"742";"PH031421000";"San Miguel";"5";2,84235262870789
"743";"PH052009000";"San Miguel";"1";9,26726150512695
"744";"PH063041000";"San Miguel";"3";33,1534614562988
"745";"PH071238000";"San Miguel";"3";24,7416534423828
"746";"PH083743000";"San Miguel";"3";36,4460144042969
"747";"PH133907000";"";"5";25,8347129821777
"748";"PH037112000";"San Narciso";"1";3,35101580619812
"749";"PH045644000";"San Narciso";"1";14,612060546875
"750";"PH015536000";"San Nicolas";"5";2,40914964675903
"751";"PH041025000";"San Nicolas";"5";2,22821521759033
"752";"PH133904000";"";"2";28,531831741333
"753";"PH043424000";"";"5";1,32491195201874
"754";"PH041026000";"San Pascual";"5";0,796658337116241
"755";"PH054120000";"San Pascual";"1";26,3430595397949
"756";"PH082621000";"San Policarpo";"3";32,5974464416504
"757";"PH015537000";"San Quintin";"5";2,22395443916321
"758";"PH031422000";"San Rafael";"5";1,05326282978058
"759";"PH063042000";"San Rafael";"3";31,8445014953613
"760";"PH060614000";"San Remigio";"3";23,9262142181396
"761";"PH072243000";"San Remigio";"4";27,4740219116211
"762";"PH086415000";"San Ricardo";"1";22,2959232330322
"763";"PH084820000";"San Roque";"1";25,728343963623
"764";"PH086015000";"San Sebastian";"3";30,1553592681885
"765";"PH035418000";"San Simon";"5";0,938115656375885
"766";"PH175213000";"San Teodoro";"1";8,8018913269043
"767";"PH051609000";"San Vicente";"5";6,92327785491943
"768";"PH084821000";"San Vicente";"4";32,3833770751953
"769";"PH035419000";"Santa Ana";"5";2,15360045433044
"770";"PH133914000";"";"5";26,0029411315918
"771";"PH015538000";"Santa Barbara";"5";2,0893886089325
"772";"PH063043000";"Santa Barbara";"3";33,0678520202637
"773";"PH037113000";"Santa Cruz";"5";3,92847681045532
"774";"PH043426000";"Santa Cruz";"5";1,26985502243042
"775";"PH133905000";"";"5";26,2662353515625
"776";"PH174005000";"Santa Cruz";"5";4,59129524230957
"777";"PH175111000";"Santa Cruz";"1";8,93976497650146
"778";"PH051610000";"Santa Elena";"3";25,6355323791504
"779";"PH025012000";"Santa Fe";"5";3,11255931854248
"780";"PH072244000";"Santa Fe";"4";37,3248558044434
"781";"PH083744000";"Santa Fe";"4";27,6688194274902
"782";"PH175915000";"Santa Fe";"3";28,8037204742432
"783";"PH036915000";"Santa Ignacia";"5";1,90360307693481
"784";"PH056215000";"Santa Magdalena";"1";22,814359664917
"785";"PH086016000";"Santa Margarita";"3";40,0160865783691
"786";"PH015539000";"Santa Maria";"5";1,29804801940918
"787";"PH031423000";"Santa Maria";"5";1,18631446361542
"788";"PH043427000";"Santa Maria";"5";1,74560081958771
"789";"PH175917000";"Santa Maria";"4";27,3652420043945
"790";"PH166721000";"Santa Monica";"1";11,3203020095825
"791";"PH035420000";"Santa Rita";"5";1,13880240917206
"792";"PH086017000";"Santa Rita";"4";23,3691940307617
"793";"PH034928000";"Santa Rosa";"5";1,74489092826843
"794";"PH041027000";"Santa Teresita";"5";1,62567937374115
"795";"PH034929000";"Santo Domingo";"5";2,0677649974823
"796";"PH050516000";"Santo Domingo";"1";7,48202323913574
"797";"PH086018000";"Santo Ni�o";"3";26,4942264556885
"798";"PH013317000";"Santo Tomas";"5";1,96536111831665
"799";"PH015540000";"Santo Tomas";"5";1,30348753929138
"800";"PH035421000";"Sto. Tomas";"5";1,06932938098907
"801";"PH041028000";"";"5";0,979310750961304
"802";"PH013318000";"Santol";"5";3,70656394958496
"803";"PH061915000";"Sapi-An";"3";48,769474029541
"804";"PH063044000";"Sara";"4";25,4078712463379
"805";"PH045645000";"Sariaya";"5";1,61641335487366
"806";"PH035422000";"Sasmuan";"4";1,55816280841827
"807";"PH034917000";"";"5";1,99950003623962
"808";"PH060615000";"Sebaste";"3";32,064380645752
"809";"PH060616000";"Sibalom";"3";26,8191757202148
"810";"PH067905000";"Sibunag";"3";42,5770835876465
"811";"PH061916000";"Sigma";"3";31,44580078125
"812";"PH086416000";"Silago";"3";29,5835018157959
"813";"PH042118000";"Silang";"5";1,36802875995636
"814";"PH084822000";"Silvino Lobos";"3";17,5440807342529
"815";"PH043429000";"Siniloan";"5";2,30770564079285
"816";"PH051734000";"Sipocot";"3";6,65017366409302
"817";"PH051735000";"Siruma";"1";22,7219295501709
"818";"PH015541000";"Sison";"5";1,41462349891663
"819";"PH175214000";"Socorro";"5";4,06466436386108
"820";"PH072247000";"Sogod";"3";24,1603584289551
"821";"PH086417000";"Sogod";"1";21,5654354095459
"822";"PH025013000";"Solano";"5";1,26723027229309
"823";"PH015542000";"Sual";"5";5,3813157081604
"824";"PH037114000";"Subic";"1";3,63587403297424
"825";"PH013319000";"Sudipen";"5";1,98379778862
"826";"PH012931000";"Sugpon";"5";3,2382276058197
"827";"PH082622000";"Sulat";"3";42,9439315795898
"828";"PH166724000";"";"1";23,143253326416
"829";"PH012932000";"Suyo";"1";2,53401923179626
"830";"PH041029000";"Taal";"5";1,66526103019714
"831";"PH083745000";"Tabango";"4";36,7121353149414
"832";"PH072248000";"Tabogon";"3";22,3085708618164
"833";"PH083746000";"Tabontabon";"5";31,9342727661133
"834";"PH072249000";"Tabuelan";"3";30,1610107421875
"835";"PH083747000";"";"4";26,1225128173828
"836";"PH144410000";"Tadian";"1";3,12073183059692
"837";"PH082623000";"Taft";"3";32,4078674316406
"838";"PH086024000";"Tagapul-An";"3";33,7980690002441
"839";"PH042119000";"";"4";0,698643684387207
"840";"PH045646000";"Tagkawayan";"1";6,91761064529419
"841";"PH012933000";"Tagudin";"5";2,34382891654968
"842";"PH137607000";"";"5";1,18390583992004
"843";"PH086019000";"Talalora";"3";36,495174407959
"844";"PH034930000";"Talavera";"5";1,12166678905487
"845";"PH071243000";"Talibon";"3";30,3847465515137
"846";"PH041030000";"Talisay";"5";1,33844757080078
"847";"PH051611000";"Talisay";"5";6,92088317871094
"848";"PH034931000";"Talugtug";"5";5,60576343536377
"849";"PH083748000";"Tanauan";"4";42,5170974731445
"850";"PH045812000";"Tanay";"5";2,38928723335266
"851";"PH060417000";"Tangalan";"3";25,4603939056396
"852";"PH042120000";"Tanza";"5";1,24488437175751
"853";"PH061917000";"Tapaz";"3";35,3008232116699
"854";"PH086020000";"Tarangnan";"3";31,3253402709961
"855";"PH041032000";"Taysan";"5";2,04022669792175
"856";"PH045813000";"Taytay";"5";1,7324286699295
"857";"PH175320000";"Taytay";"1";7,83323669433594
"858";"PH015543000";"Tayug";"5";1,97042143344879
"859";"PH045814000";"Teresa";"5";1,3383195400238
"860";"PH042121000";"Ternate";"1";6,02470397949219
"861";"PH045648000";"Tiaong";"5";1,8832733631134
"862";"PH060617000";"Tibiao";"4";29,9940052032471
"863";"PH051736000";"Tigaon";"3";45,1658477783203
"864";"PH063045000";"Tigbauan";"3";22,2146606445312
"865";"PH051737000";"Tinambac";"1";16,8080215454102
"866";"PH041033000";"Tingloy";"5";6,40247440338135
"867";"PH142710000";"Tinoc";"3";5,2024827003479
"868";"PH050518000";"Tiwi";"5";30,0473098754883
"869";"PH060607000";"Tobias Fornier";"3";29,3956260681152
"870";"PH072251000";"";"1";34,6996726989746
"871";"PH083749000";"Tolosa";"4";29,7846717834473
"872";"PH086418000";"Tomas Oppus";"1";29,3086109161377
"873";"PH133901000";"";"2";27,6881427764893
"874";"PH174006000";"Torrijos";"5";4,02359533309937
"875";"PH042122000";"";"5";1,15345883369446
"876";"PH071244000";"Trinidad";"5";29,5787982940674
"877";"PH141113000";"Tuba";"5";1,07048499584198
"878";"PH168507000";"Tubajon";"1";10,6897802352905
"879";"PH013320000";"Tubao";"5";2,03187799453735
"880";"PH141114000";"Tublay";"5";2,57080698013306
"881";"PH063046000";"Tubungan";"3";29,6617908477783
"882";"PH072252000";"Tuburan";"3";17,8239402770996
"883";"PH072253000";"Tudela";"3";46,4317474365234
"884";"PH083750000";"Tunga";"5";32,3112335205078
"885";"PH041034000";"Tuy";"5";1,61378693580627
"886";"PH071246000";"Ubay";"3";27,0267505645752
"887";"PH015544000";"Umingan";"5";2,95542788505554
"888";"PH045649000";"Unisan";"1";7,11483860015869
"889";"PH015545000";"Urbiztondo";"5";2,39212274551392
"890";"PH054121000";"Uson";"3";33,9252738952637
"891";"PH060618000";"Valderrama";"3";30,5676212310791
"892";"PH036917000";"Victoria";"5";1,76873826980591
"893";"PH043430000";"Victoria";"5";1,05970072746277
"894";"PH084823000";"Victoria";"1";21,1220970153809
"895";"PH175215000";"Victoria";"5";6,65380859375
"896";"PH052010000";"Viga";"1";32,2438545227051
"897";"PH083751000";"Villaba";"3";30,6626358032227
"898";"PH086021000";"Villareal";"3";21,4790802001953
"899";"PH015547000";"Villasis";"5";1,83363103866577
"900";"PH025014000";"Villaverde";"5";1,93467497825623
"901";"PH051612000";"Vinzons";"1";17,6071395874023
"902";"PH052011000";"Virac";"5";9,23334693908691
"903";"PH034932000";"Zaragoza";"5";2,1661205291748
"904";"PH063047000";"Zarraga";"3";67,8112640380859
"905";"PH086023000";"Zumarraga";"3";26,043758392334
"906";"PH012801000";"Adams";"1";2,73255491256714
"907";"PH142708000";"Aguinaldo";"3";3,68265104293823
"908";"PH071201000";"Alburquerque";"5";26,0975799560547
"909";"PH021502000";"Alcala";"5";2,0528359413147
"910";"PH072201000";"Alcantara";"3";32,6569328308105
"911";"PH072202000";"Alcoy";"3";27,8295631408691
"912";"PH072203000";"Alegria";"3";40,8283996582031
"913";"PH166701000";"Alegria";"3";6,42950439453125
"914";"PH142707000";"Alfonso Lista";"5";2,48215770721436
"915";"PH023101000";"Alicia";"5";1,54916167259216
"916";"PH071202000";"Alicia";"3";28,5376873016357
"917";"PH021503000";"Allacapan";"3";4,96801996231079
"918";"PH021504000";"Amulung";"5";3,62108683586121
"919";"PH071203000";"Anda";"5";21,3880615234375
"920";"PH023102000";"Angadanan";"5";1,99971103668213
"921";"PH071204000";"Antequera";"5";46,840160369873
"922";"PH072205000";"Argao";"3";25,6046276092529
"923";"PH023103000";"Aurora";"5";1,71946322917938
"924";"PH012802000";"Bacarra";"5";1,18513667583466
"925";"PH071205000";"Baclayon";"5";33,4492607116699
"926";"PH166702000";"Bacuag";"1";14,4182796478271
"927";"PH072207000";"Badian";"3";23,4824619293213
"928";"PH012803000";"Badoc";"5";2,19506168365479
"929";"PH021506000";"Baggao";"5";3,71334147453308
"930";"PH143201000";"Balbalan";"1";5,01776170730591
"931";"PH071206000";"Balilihan";"5";17,2520751953125
"932";"PH104303000";"Balingoan";"3";16,9387874603271
"933";"PH021507000";"Ballesteros";"1";6,52974939346313
"934";"PH142701000";"Banaue";"5";2,66192412376404
"935";"PH012902000";"Banayoyo";"5";3,91085076332092
"936";"PH140101000";"Bangued";"5";1,2339380979538
"937";"PH012804000";"Bangui";"5";1,39805018901825
"938";"PH012811000";"Banna";"5";1,32180571556091
"939";"PH012903000";"Bantay";"5";0,893324851989746
"940";"PH144401000";"Barlig";"1";3,47855734825134
"941";"PH166801000";"Barobo";"3";9,60927295684814
"942";"PH071207000";"Batuan";"3";39,0769004821777
"943";"PH166802000";"Bayabas";"2";14,4470863342285
"944";"PH023104000";"Benito Soliven";"5";2,85924410820007
"945";"PH144403000";"Besao";"1";1,98466289043427
"946";"PH071208000";"Bilar";"3";32,8870506286621
"947";"PH104304000";"Binuangan";"1";29,8297214508057
"948";"PH140102000";"Boliney";"3";4,37086009979248
"949";"PH072212000";"Boljoon";"3";36,7096366882324
"950";"PH144404000";"Bontoc";"1";7,40000057220459
"951";"PH140103000";"Bucay";"5";1,81064474582672
"952";"PH140104000";"Bucloc";"5";2,91143226623535
"953";"PH160201000";"Buenavista";"2";24,08811378479
"954";"PH012806000";"Burgos";"5";2,98468971252441
"955";"PH012904000";"Burgos";"5";3,66611123085022
"956";"PH023105000";"Burgos";"5";2,27728581428528
"957";"PH160202000";"";"3";51,3726768493652
"958";"PH023106000";"Cabagan";"5";2,00024676322937
"959";"PH023107000";"Cabatuan";"5";1,35360980033875
"960";"PH012905000";"Cabugao";"5";2,19844269752502
"961";"PH166804000";"Cagwait";"1";14,5888395309448
"962";"PH148101000";"Calanasan";"3";4,56351613998413
"963";"PH071210000";"Calape";"3";35,047737121582
"964";"PH071211000";"Candijay";"5";32,7170791625977
"965";"PH166805000";"Cantilan";"2";22,0728359222412
"966";"PH012907000";"Caoayan";"2";4,25122165679932
"967";"PH012807000";"Carasi";"1";2,36930441856384
"968";"PH071212000";"Carmen";"3";36,8491401672363
"969";"PH160204000";"Carmen";"3";31,6814060211182
"970";"PH166806000";"Carmen";"1";23,5467185974121
"971";"PH166807000";"Carrascal";"1";14,9508686065674
"972";"PH101801000";"Catarman";"1";8,66549301147461
"973";"PH071213000";"Catigbian";"3";41,1958694458008
"974";"PH012805000";"";"5";1,03776478767395
"975";"PH160301000";"";"3";10,3601951599121
"976";"PH160203000";"";"2";19,5989112854004
"977";"PH012906000";"";"2";2,08974385261536
"978";"PH023108000";"";"5";1,6375070810318
"979";"PH143213000";"";"5";1,87483358383179
"980";"PH166819000";"";"2";18,7778854370117
"981";"PH012934000";"";"1";1,93867623806
"982";"PH071214000";"Clarin";"3";30,8176498413086
"983";"PH166706000";"Claver";"1";16,2347564697266
"984";"PH104306000";"Claveria";"3";10,4302883148193
"985";"PH148102000";"Conner";"3";3,76252174377441
"986";"PH071215000";"Corella";"5";38,2990303039551
"987";"PH071216000";"Cortes";"5";33,4775733947754
"988";"PH166808000";"Cortes";"1";25,799633026123
"989";"PH012808000";"Currimao";"5";1,48201334476471
"990";"PH071217000";"Dagohoy";"3";37,6962966918945
"991";"PH140105000";"Daguioman";"5";4,51976871490479
"992";"PH072222000";"Dalaguete";"3";35,5764923095703
"993";"PH071218000";"Danao";"3";28,8838863372803
"994";"PH140106000";"Danglas";"5";2,08174824714661
"995";"PH071219000";"Dauis";"5";31,0482444763184
"996";"PH023118000";"Delfin Albano";"5";1,82767617702484
"997";"PH071220000";"Dimiao";"5";12,293327331543
"998";"PH023110000";"Dinapigue";"1";8,25963497161865
"999";"PH012809000";"Dingras";"5";1,39475393295288
"1000";"PH023111000";"Divilacan";"3";7,06651163101196
"1001";"PH140107000";"Dolores";"5";2,01816582679749
"1002";"PH071221000";"Duero";"5";10,2039480209351
"1003";"PH012810000";"Dumalneg";"5";1,16242468357086
"1004";"PH072224000";"Dumanjug";"3";30,7417736053467
"1005";"PH021512000";"Enrile";"5";2,46239638328552
"1006";"PH076101000";"Enrique Villanueva";"1";34,7738189697266
"1007";"PH160303000";"Esperanza";"3";8,73290348052979
"1008";"PH148103000";"Flora";"3";4,09208154678345
"1009";"PH012909000";"Galimuyod";"5";3,71741032600403
"1010";"PH023113000";"Gamu";"5";1,64720606803894
"1011";"PH071222000";"Garcia Hernandez";"5";10,0526523590088
"1012";"PH021513000";"Gattaran";"5";2,48147869110107
"1013";"PH166711000";"Gigaquit";"1";15,2472095489502
"1014";"PH072225000";"Ginatilan";"3";37,2681312561035
"1015";"PH104308000";"";"1";33,6726417541504
"1016";"PH012910000";"Gregorio del Pilar";"1";3,59958338737488
"1017";"PH071223000";"Guindulman";"5";23,215970993042
"1018";"PH101802000";"Guinsiliban";"3";8,95315456390381
"1019";"PH166809000";"Hinatuan";"1";17,9089374542236
"1020";"PH021515000";"Iguig";"5";2,26563930511475
"1021";"PH023114000";"";"5";1,18739128112793
"1022";"PH160205000";"Jabonga";"3";27,9617919921875
"1023";"PH071225000";"Jagna";"5";13,0504446029663
"1024";"PH148104000";"Kabugao";"3";4,23798561096191
"1025";"PH104312000";"Kinoguitan";"1";10,632773399353
"1026";"PH160206000";"Kitcharao";"3";8,04301071166992
"1027";"PH140108000";"La Paz";"5";2,03339791297913
"1028";"PH140109000";"Lacub";"3";5,55462837219238
"1029";"PH140110000";"Lagangilang";"5";2,05175805091858
"1030";"PH140111000";"Lagayan";"3";4,3516697883606
"1031";"PH104313000";"Lagonglong";"1";12,5324897766113
"1032";"PH021516000";"Lal-Lo";"5";2,59052038192749
"1033";"PH140112000";"Langiden";"5";2,44226026535034
"1034";"PH166810000";"Lanuza";"1";13,7028465270996
"1035";"PH012812000";"";"5";1,39502274990082
"1036";"PH076102000";"Larena";"1";29,9810962677002
"1037";"PH160207000";"Las Nieves";"3";10,1686820983887
"1038";"PH021517000";"Lasam";"5";2,8878231048584
"1039";"PH076103000";"Lazi";"3";24,4687442779541
"1040";"PH166811000";"Lianga";"3";28,4252986907959
"1041";"PH140113000";"Licuan-Baay";"3";4,64619636535645
"1042";"PH012911000";"Lidlidda";"5";1,55981636047363
"1043";"PH071227000";"Lila";"5";11,0484037399292
"1044";"PH071228000";"Loay";"3";28,7563972473145
"1045";"PH071229000";"Loboc";"5";11,241810798645
"1046";"PH071230000";"Loon";"3";33,0859680175781
"1047";"PH140114000";"Luba";"5";3,70532584190369
"1048";"PH143206000";"Lubuagan";"1";3,64023995399475
"1049";"PH023116000";"Luna";"5";1,35400950908661
"1050";"PH148105000";"Luna";"5";5,40651702880859
"1051";"PH071231000";"Mabini";"3";28,1598625183105
"1052";"PH023117000";"Maconacon";"1";7,48671770095825
"1053";"PH166813000";"Madrid";"1";13,0804615020752
"1054";"PH160208000";"Magallanes";"2";18,5831413269043
"1055";"PH104317000";"Magsaysay";"1";34,1365776062012
"1056";"PH012912000";"Magsingal";"5";4,00659132003784
"1057";"PH101803000";"Mahinog";"1";7,85651111602783
"1058";"PH166714000";"Mainit";"5";25,6219482421875
"1059";"PH072229000";"Malabuyoc";"3";33,8628768920898
"1060";"PH140115000";"Malibcong";"3";5,09659004211426
"1061";"PH166715000";"Malimono";"1";21,7830371856689
"1062";"PH023119000";"Mallig";"5";3,70714545249939
"1063";"PH101804000";"Mambajao";"1";7,74607753753662
"1064";"PH140116000";"Manabo";"5";1,54958748817444
"1065";"PH012813000";"Marcos";"5";1,24726676940918
"1066";"PH076104000";"Maria";"3";34,0481414794922
"1067";"PH071232000";"Maribojoc";"3";25,2828922271729
"1068";"PH166814000";"Marihatag";"1";17,7944946289062
"1069";"PH104319000";"Medina";"1";14,5018444061279
"1070";"PH072233000";"Moalboal";"3";22,9204654693604
"1071";"PH012913000";"Nagbukel";"5";1,84052205085754
"1072";"PH023120000";"Naguilian";"5";2,25428867340088
"1073";"PH012914000";"Narvacan";"2";3,30189824104309
"1074";"PH160209000";"Nasipit";"3";38,2478065490723
"1075";"PH144405000";"Natonin";"1";3,02095031738281
"1076";"PH012814000";"Nueva Era";"5";3,34741878509521
"1077";"PH072235000";"Oslob";"3";39,4678955078125
"1078";"PH012815000";"Pagudpud";"1";4,11267995834351
"1079";"PH023121000";"Palanan";"3";6,272620677948
"1080";"PH071233000";"Panglao";"5";25,1912746429443
"1081";"PH012816000";"Paoay";"5";1,98427939414978
"1082";"PH144406000";"Paracelis";"3";4,61032629013062
"1083";"PH143208000";"Pasil";"1";4,7144660949707
"1084";"PH012817000";"Pasuquin";"1";2,40811371803284
"1085";"PH021519000";"Pe�ablanca";"5";2,54901123046875
"1086";"PH140117000";"Pe�arrubia";"5";2,18934226036072
"1087";"PH021520000";"Piat";"5";2,7685751914978
"1088";"PH012818000";"Piddig";"5";1,03299283981323
"1089";"PH140118000";"Pidigan";"5";1,73850929737091
"1090";"PH071234000";"Pilar";"3";33,5382385253906
"1091";"PH140119000";"Pilar";"5";2,82800149917603
"1092";"PH012819000";"Pinili";"5";2,73379158973694
"1093";"PH143209000";"Pinukpuk";"3";4,93891859054565
"1094";"PH166717000";"Placer";"1";19,9758358001709
"1095";"PH160306000";"Prosperidad";"3";36,5882797241211
"1096";"PH148106000";"Pudtol";"3";5,03921175003052
"1097";"PH023122000";"Quezon";"5";4,03462553024292
"1098";"PH012915000";"Quirino";"5";1,65962672233582
"1099";"PH023123000";"Quirino";"5";2,49501442909241
"1100";"PH023124000";"Ramon";"5";1,96837055683136
"1101";"PH023125000";"Reina Mercedes";"5";1,14618933200836
"1102";"PH160212000";"Remedios T. Romualdez";"3";17,9623546600342
"1103";"PH021521000";"Rizal";"3";7,40709066390991
"1104";"PH143211000";"Rizal";"5";6,12249660491943
"1105";"PH072239000";"Ronda";"3";33,1375122070312
"1106";"PH160307000";"Rosario";"3";11,0341186523438
"1107";"PH023126000";"Roxas";"5";3,0076253414154
"1108";"PH144408000";"Sadanga";"1";8,59947109222412
"1109";"PH144409000";"Sagada";"1";8,11284065246582
"1110";"PH101805000";"Sagay";"1";11,3107299804688
"1111";"PH071236000";"Sagbayan";"3";36,7172546386719
"1112";"PH104322000";"Salay";"1";10,0749387741089
"1113";"PH012916000";"Salcedo";"5";2,92564296722412
"1114";"PH140120000";"Sallapadan";"5";4,20689630508423
"1115";"PH072240000";"Samboan";"3";44,9350357055664
"1116";"PH166815000";"San Agustin";"3";24,2383441925049
"1117";"PH012917000";"San Emilio";"5";2,48131918907166
"1118";"PH012918000";"San Esteban";"5";3,37443828582764
"1119";"PH160308000";"San Francisco";"3";36,4287147521973
"1120";"PH166719000";"San Francisco";"1";17,7399749755859
"1121";"PH023128000";"San Guillermo";"3";3,28735733032227
"1122";"PH012919000";"San Ildefonso";"1";1,0103063583374
"1123";"PH023129000";"San Isidro";"5";1,81787633895874
"1124";"PH071237000";"San Isidro";"3";38,0077323913574
"1125";"PH140121000";"San Isidro";"5";3,13610696792603
"1126";"PH012920000";"San Juan";"5";1,81648695468903
"1127";"PH076105000";"San Juan";"1";23,9827136993408
"1128";"PH140122000";"San Juan";"5";2,42202258110046
"1129";"PH160309000";"San Luis";"3";18,1024532318115
"1130";"PH023130000";"San Manuel";"5";2,95169186592102
"1131";"PH023131000";"San Mariano";"3";4,11533308029175
"1132";"PH023132000";"San Mateo";"5";1,07249641418457
"1133";"PH166816000";"San Miguel";"3";6,96302795410156
"1134";"PH012820000";"San Nicolas";"5";0,9791699051857
"1135";"PH023133000";"San Pablo";"5";1,71800804138184
"1136";"PH140123000";"San Quintin";"5";1,14417254924774
"1137";"PH012921000";"San Vicente";"2";1,75605893135071
"1138";"PH012922000";"Santa";"1";2,29074597358704
"1139";"PH012923000";"Santa Catalina";"2";5,84524011611938
"1140";"PH012924000";"Santa Cruz";"1";2,66854906082153
"1141";"PH012925000";"Santa Lucia";"2";4,3132209777832
"1142";"PH148107000";"Santa Marcela";"5";2,47666430473328
"1143";"PH012926000";"Santa Maria";"1";2,08701539039612
"1144";"PH023134000";"Santa Maria";"5";3,96178960800171
"1145";"PH021524000";"Santa Praxedes";"1";7,31057167053223
"1146";"PH072245000";"Santander";"3";28,8080101013184
"1147";"PH012927000";"Santiago";"5";1,72792053222656
"1148";"PH160210000";"Santiago";"3";25,2058868408203
"1149";"PH012928000";"Santo Domingo";"5";1,55840694904327
"1150";"PH021526000";"Santo Ni�o";"3";4,1426830291748
"1151";"PH023136000";"Santo Tomas";"5";2,13397598266602
"1152";"PH012821000";"Sarrat";"5";0,934396207332611
"1153";"PH071239000";"Sevilla";"3";29,7262725830078
"1154";"PH160314000";"Sibagat";"3";5,2948260307312
"1155";"PH072246000";"Sibonga";"3";34,2209930419922
"1156";"PH071240000";"Sierra Bullones";"5";36,9619827270508
"1157";"PH012929000";"Sigay";"1";6,6410059928894
"1158";"PH071241000";"Sikatuna";"5";36,3997917175293
"1159";"PH012930000";"Sinait";"5";2,35805892944336
"1160";"PH076106000";"Siquijor";"1";20,2690925598145
"1161";"PH166722000";"Sison";"5";34,8970146179199
"1162";"PH166723000";"Socorro";"1";9,84739208221436
"1163";"PH021527000";"Solana";"5";2,44256329536438
"1164";"PH012822000";"Solsona";"5";1,13493192195892
"1165";"PH104323000";"Sugbongcogon";"3";9,00320911407471
"1166";"PH166725000";"Tagana-An";"1";31,0330429077148
"1167";"PH071242000";"";"5";12,3734130859375
"1168";"PH166817000";"Tagbina";"3";10,4842987060547
"1169";"PH166818000";"Tago";"2";24,2405204772949
"1170";"PH160311000";"Talacogon";"3";28,0337944030762
"1171";"PH104325000";"Talisayan";"1";30,3768215179443
"1172";"PH143214000";"Tanudan";"3";5,22365570068359
"1173";"PH140124000";"Tayum";"5";2,23168349266052
"1174";"PH140125000";"Tineg";"3";5,55724954605103
"1175";"PH143215000";"Tinglayan";"3";6,43281936645508
"1176";"PH021528000";"Tuao";"5";2,4943835735321
"1177";"PH160211000";"Tubay";"1";19,1633281707764
"1178";"PH071245000";"Tubigon";"3";25,9503421783447
"1179";"PH140126000";"Tubo";"5";4,6324954032898
"1180";"PH166727000";"Tubod";"5";10,8117656707764
"1181";"PH021529000";"";"5";0,942773044109344
"1182";"PH023137000";"Tumauini";"5";1,81113994121552
"1183";"PH071247000";"Valencia";"5";22,0655460357666
"1184";"PH140127000";"Villaviciosa";"5";2,71099996566772
"1185";"PH012823000";"Vintar";"5";1,13199973106384
"1186";"PH175301000";"Aborlan";"1";7,50706195831299
"1187";"PH021501000";"Abulug";"1";4,40296506881714
"1188";"PH150708000";"Akbar";"3";27,6485786437988
"1189";"PH150709000";"Al-Barka";"3";28,1198463439941
"1190";"PH128001000";"Alabel";"3";11,482608795166
"1191";"PH124701000";"Alamada";"3";10,139274597168
"1192";"PH124717000";"Aleosan";"3";8,26053714752197
"1193";"PH098301000";"Alicia";"1";12,9225330352783
"1194";"PH104201000";"Aloran";"1";21,2322559356689
"1195";"PH104301000";"Alubijid";"3";31,4194641113281
"1196";"PH153801000";"Ampatuan";"3";29,8829231262207
"1197";"PH124715000";"Antipas";"3";7,96899080276489
"1198";"PH021505000";"Aparri";"2";3,99424886703491
"1199";"PH175303000";"Araceli";"3";33,0684051513672
"1200";"PH124718000";"Arakan";"3";7,85643148422241
"1201";"PH112301000";"Asuncion";"3";7,86840152740479
"1202";"PH097302000";"Aurora";"3";7,80129814147949
"1203";"PH103501000";"Bacolod";"1";10,0819644927979
"1204";"PH153601000";"Bacolod-Kalawi";"3";10,1748657226562
"1205";"PH097226000";"Leon T. Postigo";"3";11,4233245849609
"1206";"PH112501000";"Baganga";"1";39,463134765625
"1207";"PH126501000";"Bagumbayan";"3";6,96125888824463
"1208";"PH153602000";"Balabagan";"3";11,906195640564
"1209";"PH104202000";"Baliangao";"1";28,6102905273438
"1210";"PH097224000";"Baliguian";"3";27,3338375091553
"1211";"PH153603000";"Balindong";"3";8,53178119659424
"1212";"PH104302000";"Balingasag";"3";10,416522026062
"1213";"PH103502000";"Baloi";"3";11,7640323638916
"1214";"PH112502000";"Banaybanay";"1";19,1040153503418
"1215";"PH126302000";"Banga";"3";6,94937419891357
"1216";"PH124716000";"Banisilan";"3";9,72753047943115
"1217";"PH112401000";"Bansalan";"3";10,5468683242798
"1218";"PH153818000";"Barira";"3";7,78039741516113
"1219";"PH103503000";"Baroy";"1";10,5683135986328
"1220";"PH175305000";"Bataraza";"1";7,66539859771729
"1221";"PH101301000";"Baungon";"3";25,3203296661377
"1222";"PH153604000";"Bayang";"3";11,1166906356812
"1223";"PH097303000";"Bayog";"3";6,90860748291016
"1224";"PH153605000";"Binidayan";"3";18,1975173950195
"1225";"PH104203000";"Bonifacio";"3";12,9099159240723
"1226";"PH112503000";"Boston";"3";17,5737724304199
"1227";"PH112323000";"Braulio E. Dujali";"3";10,8008146286011
"1228";"PH175306000";"Brooke's Point";"3";8,90829944610596
"1229";"PH153633000";"Buadiposo-Buntong";"3";6,41239404678345
"1230";"PH153606000";"Bubong";"3";9,53191566467285
"1231";"PH021508000";"Buguey";"1";7,39012765884399
"1232";"PH153802000";"Buldon";"3";8,75085163116455
"1233";"PH153803000";"Buluan";"3";9,6379508972168
"1234";"PH153637000";"Amai Manabilang";"3";8,12727546691895
"1235";"PH160302000";"Bunawan";"3";25,6047878265381
"1236";"PH153607000";"Butig";"3";7,83257436752319
"1237";"PH098302000";"Buug";"3";6,89091205596924
"1238";"PH101322000";"Cabanglasan";"3";6,78132009506226
"1239";"PH104305000";"";"5";9,83040046691895
"1240";"PH104204000";"Calamba";"3";8,65773391723633
"1241";"PH153632000";"Calanogas";"3";13,9677572250366
"1242";"PH021509000";"Calayan";"1";22,927619934082
"1243";"PH021510000";"Camalaniugan";"5";3,26302051544189
"1244";"PH112504000";"Caraga";"1";23,7920265197754
"1245";"PH112303000";"Carmen";"3";10,840841293335
"1246";"PH124702000";"Carmen";"3";7,21251678466797
"1247";"PH112505000";"Cateel";"4";58,2350959777832
"1248";"PH166803000";"";"1";45,2361946105957
"1249";"PH112403000";"";"5";10,568021774292
"1250";"PH104307000";"";"3";11,722677230835
"1251";"PH099701000";"";"1";8,71820640563965
"1252";"PH124704000";"";"3";7,26722383499146
"1253";"PH126306000";"";"5";7,38128805160522
"1254";"PH150702000";"";"1";45,0704154968262
"1255";"PH101312000";"";"3";8,95358371734619
"1256";"PH112509000";"";"1";40,6485328674316
"1257";"PH112315000";"";"5";9,71100330352783
"1258";"PH126511000";"";"5";6,9105486869812
"1259";"PH112319000";"";"5";9,12344455718994
"1260";"PH101321000";"";"3";12,4747676849365
"1261";"PH104205000";"Clarin";"3";13,3595085144043
"1262";"PH021511000";"Claveria";"1";4,13236570358276
"1263";"PH126502000";"Columbio";"3";35,2482109069824
"1264";"PH118201000";"Compostela";"3";33,2328758239746
"1265";"PH104206000";"Concepcion";"3";8,52521991729736
"1266";"PH129804000";"";"3";40,0397033691406
"1267";"PH101302000";"Damulog";"3";7,11803150177002
"1268";"PH101303000";"Dangcagan";"3";11,5647592544556
"1269";"PH097201000";"";"3";37,9336814880371
"1270";"PH153828000";"Datu Abdullah Sangki";"3";42,4889335632324
"1271";"PH153831000";"Datu Anggal Midtimbang";"3";7,73991250991821
"1272";"PH153830000";"Datu Blah T. Sinsuat";"4";17,8508262634277
"1273";"PH153835000";"Datu Hoffer Ampatuan";"3";25,5095443725586
"1274";"PH153807000";"Datu Odin Sinsuat";"3";32,9934577941895
"1275";"PH153805000";"Datu Paglas";"3";31,0618743896484
"1276";"PH153806000";"Datu Piang";"3";36,2804718017578
"1277";"PH153836000";"Datu Salibo";"3";27,163480758667
"1278";"PH153826000";"Datu Saudi Ampatuan";"3";28,8171558380127
"1279";"PH153827000";"Datu Unsay";"3";21,2543449401855
"1280";"PH112402000";"";"5";10,1419553756714
"1281";"PH097305000";"Dimataling";"1";32,1262664794922
"1282";"PH097306000";"Dinas";"3";26,6723117828369
"1283";"PH098303000";"Diplahan";"3";35,3827018737793
"1284";"PH097202000";"";"3";7,63404941558838
"1285";"PH153624000";"Ditsaan-Ramain";"3";9,61943435668945
"1286";"PH101304000";"Don Carlos";"3";13,7007646560669
"1287";"PH118601000";"Don Marcelino";"1";16,1183376312256
"1288";"PH104217000";"Don Victoriano Chiongbian";"3";27,9020347595215
"1289";"PH097307000";"Dumalinao";"3";7,36526393890381
"1290";"PH175311000";"Dumaran";"3";7,01700782775879
"1291";"PH097308000";"Dumingag";"3";6,87426948547363
"1292";"PH126503000";"Esperanza";"3";6,61689853668213
"1293";"PH153609000";"Ganassi";"3";13,0197343826294
"1294";"PH153819000";"Gen. S.K. Pendatun";"3";25,8195381164551
"1295";"PH126303000";"";"5";8,75723457336426
"1296";"PH104309000";"Gitagum";"1";9,47529220581055
"1297";"PH128002000";"Glan";"1";18,7996463775635
"1298";"PH097225000";"Godod";"3";8,08531379699707
"1299";"PH021514000";"Gonzaga";"5";3,62562417984009
"1300";"PH112506000";"Governor Generoso";"1";16,4122066497803
"1301";"PH153825000";"Guindulungan";"3";9,1516227722168
"1302";"PH097343000";"Guipos";"3";6,75454664230347
"1303";"PH097223000";"Gutalac";"3";32,0738334655762
"1304";"PH150710000";"Hadji Mohammad Ajul";"3";31,6043758392334
"1305";"PH150712000";"Hadji Muhtamad";"1";21,8952960968018
"1306";"PH112404000";"Hagonoy";"3";12,2299470901489
"1307";"PH103504000";"";"1";10,0452966690063
"1308";"PH098304000";"Imelda";"3";5,99152374267578
"1309";"PH101305000";"Impasug-ong";"3";7,5522084236145
"1310";"PH104310000";"Initao";"3";38,2554550170898
"1311";"PH098305000";"Ipil";"1";17,2268810272217
"1312";"PH112317000";"";"3";27,5205554962158
"1313";"PH126504000";"Isulan";"5";7,11923837661743
"1314";"PH104311000";"Jasaan";"1";10,9535570144653
"1315";"PH104207000";"Jimenez";"3";10,4994945526123
"1316";"PH118602000";"Jose Abad Santos";"1";15,8929176330566
"1317";"PH097222000";"Jose Dalman";"3";26,9512519836426
"1318";"PH097337000";"Josefina";"3";7,58186054229736
"1319";"PH124703000";"Kabacan";"3";6,98802757263184
"1320";"PH098306000";"Kabasalan";"1";20,0016975402832
"1321";"PH153814000";"Kabuntalan";"3";21,5639095306396
"1322";"PH101306000";"Kadingilan";"3";12,2232618331909
"1323";"PH126505000";"Kalamansig";"1";26,7493782043457
"1324";"PH097227000";"Kalawit";"3";11,7424125671387
"1325";"PH175321000";"Kalayaan";"3";11,0048503875732
"1326";"PH101307000";"Kalilangan";"3";11,284104347229
"1327";"PH153610000";"Kapai";"3";11,5618114471436
"1328";"PH112305000";"Kapalong";"3";9,73681926727295
"1329";"PH103505000";"Kapatagan";"3";20,5497760772705
"1330";"PH153639000";"Kapatagan";"3";7,39602422714233
"1331";"PH097203000";"Katipunan";"3";27,1250095367432
"1332";"PH103507000";"Kauswagan";"1";34,3374519348145
"1333";"PH128003000";"Kiamba";"1";19,2394790649414
"1334";"PH101308000";"Kibawe";"3";9,35242748260498
"1335";"PH112406000";"Kiblawan";"3";7,69795799255371
"1336";"PH101309000";"Kitaotao";"3";9,03102207183838
"1337";"PH103508000";"Kolambugan";"1";19,940092086792
"1338";"PH097311000";"Kumalarang";"1";14,834174156189
"1339";"PH097204000";"La Libertad";"3";8,21487617492676
"1340";"PH160304000";"La Paz";"3";22,8768615722656
"1341";"PH118202000";"Laak";"3";30,9096546173096
"1342";"PH097312000";"Labangan";"3";13,2192974090576
"1343";"PH097205000";"Labason";"3";26,7876625061035
"1344";"PH104314000";"Laguindingan";"3";8,2235279083252
"1345";"PH126319000";"Lake Sebu";"3";9,0520486831665
"1346";"PH097333000";"Lakewood";"3";7,40807819366455
"1347";"PH103509000";"Lala";"3";27,1758098602295
"1348";"PH126508000";"Lambayong";"3";11,3542137145996
"1349";"PH101310000";"Lantapan";"3";8,71657943725586
"1350";"PH150703000";"Lantawan";"3";10,6872081756592
"1351";"PH097313000";"Lapuyan";"3";22,0478744506836
"1352";"PH126506000";"Lebak";"3";10,831729888916
"1353";"PH104315000";"Libertad";"3";7,84911441802979
"1354";"PH101311000";"Libona";"3";21,6908187866211
"1355";"PH124705000";"Libungan";"3";8,14549350738525
"1356";"PH097206000";"Liloy";"3";23,0756645202637
"1357";"PH103510000";"Linamon";"1";10,3687334060669
"1358";"PH166812000";"Lingig";"3";15,7258996963501
"1359";"PH104208000";"Lopez Jaena";"1";13,9390430450439
"1360";"PH160305000";"Loreto";"3";13,5180683135986
"1361";"PH104316000";"Lugait";"3";13,8869228363037
"1362";"PH153611000";"Lumba-Bayabao";"3";6,17339944839478
"1363";"PH153641000";"Lumbaca-Unayan";"3";9,25173282623291
"1364";"PH153612000";"Lumbatan";"3";9,22208309173584
"1365";"PH153636000";"Lumbayanague";"3";9,15221881866455
"1366";"PH112507000";"Lupon";"3";31,8938045501709
"1367";"PH126507000";"Lutayan";"3";35,4535026550293
"1368";"PH124710000";"M'Lang";"3";11,3156747817993
"1369";"PH128004000";"Maasim";"1";16,2353172302246
"1370";"PH118203000";"Mabini";"3";10,2681798934937
"1371";"PH098307000";"Mabuhay";"1";19,0822162628174
"1372";"PH118204000";"Maco";"3";10,327977180481
"1373";"PH153613000";"Madalum";"3";7,86472654342651
"1374";"PH153614000";"Madamba";"3";7,1729850769043
"1375";"PH124706000";"Magpet";"3";13,2026224136353
"1376";"PH103511000";"Magsaysay";"3";27,8316822052002
"1377";"PH112407000";"Magsaysay";"3";6,28246402740479
"1378";"PH153634000";"Maguing";"3";11,8008975982666
"1379";"PH097315000";"Mahayag";"3";6,24408483505249
"1380";"PH103512000";"Maigo";"1";28,902229309082
"1381";"PH128005000";"Maitum";"3";11,6236181259155
"1382";"PH124707000";"Makilala";"3";7,04853630065918
"1383";"PH153615000";"Malabang";"3";22,161283493042
"1384";"PH112408000";"Malalag";"3";9,7735185623169
"1385";"PH098308000";"Malangas";"3";11,7800064086914
"1386";"PH128006000";"Malapatan";"1";21,148344039917
"1387";"PH118603000";"Malita";"1";28,71262550354
"1388";"PH101313000";"Malitbog";"3";8,16701030731201
"1389";"PH128007000";"Malungon";"3";8,65252494812012
"1390";"PH153820000";"Mamasapano";"3";36,4574165344238
"1391";"PH112508000";"Manay";"1";19,3147029876709
"1392";"PH153832000";"Mangudadatu";"3";27,945276260376
"1393";"PH101314000";"Manolo Fortich";"3";13,4375267028809
"1394";"PH104318000";"Manticao";"3";10,1603593826294
"1395";"PH097207000";"Manukan";"3";33,0739326477051
"1396";"PH118205000";"Maragusan";"3";10,6501350402832
"1397";"PH101315000";"Maramag";"3";13,877046585083
"1398";"PH153616000";"Marantao";"5";10,0275774002075
"1399";"PH153617000";"";"3";4,54796361923218
"1400";"PH097317000";"Margosatubig";"1";9,52813148498535
"1401";"PH153631000";"Marogong";"3";9,62269687652588
"1402";"PH153618000";"Masiu";"3";12,796311378479
"1403";"PH124708000";"Matalam";"3";11,3113431930542
"1404";"PH112410000";"Matanao";"3";8,57790088653564
"1405";"PH153809000";"Matanog";"4";35,5369720458984
"1406";"PH103513000";"Matungao";"3";9,73528480529785
"1407";"PH118206000";"Mawab";"3";10,8267831802368
"1408";"PH097318000";"Midsalip";"3";30,0589504241943
"1409";"PH124709000";"Midsayap";"3";33,2184638977051
"1410";"PH097319000";"Molave";"3";11,0543584823608
"1411";"PH118207000";"Monkayo";"4";31,127649307251
"1412";"PH118208000";"Montevista";"3";13,2692737579346
"1413";"PH153619000";"Mulondo";"3";9,57637310028076
"1414";"PH103514000";"Munai";"3";11,9992694854736
"1415";"PH097208000";"Mutia";"3";37,3330421447754
"1416";"PH104320000";"Naawan";"4";37,8730850219727
"1417";"PH118209000";"Nabunturan";"3";12,580753326416
"1418";"PH098309000";"Naga";"3";13,2243146896362
"1419";"PH175315000";"Narra";"3";7,94175004959106
"1420";"PH118210000";"New Bataan";"3";20,007230758667
"1421";"PH112314000";"New Corella";"3";6,26304817199707
"1422";"PH126311000";"Norala";"3";9,39073276519775
"1423";"PH153834000";"Northern Kabuntalan";"3";42,7291564941406
"1424";"PH103515000";"Nunungan";"3";5,62655544281006
"1425";"PH098310000";"Olutanga";"1";17,5525207519531
"1426";"PH104321000";"Opol";"1";9,82044982910156
"1427";"PH104209000";"";"1";20,0446453094482
"1428";"PH104210000";"";"3";12,4809808731079
"1429";"PH112411000";"Padada";"3";11,7229118347168
"1430";"PH097322000";"";"3";13,6746501922607
"1431";"PH153822000";"Pagagawan";"3";26,341667175293
"1432";"PH153810000";"Pagalungan";"4";27,4246921539307
"1433";"PH153620000";"Pagayawan";"3";9,61174869537354
"1434";"PH153823000";"Paglat";"3";26,480131149292
"1435";"PH126509000";"Palimbang";"1";13,6501512527466
"1436";"PH021518000";"Pamplona";"1";21,0549697875977
"1437";"PH104211000";"Panaon";"3";11,7737789154053
"1438";"PH153833000";"Pandag";"3";34,3727073669434
"1439";"PH101316000";"Pangantucan";"3";11,0642490386963
"1440";"PH103516000";"Pantao Ragat";"3";8,89534187316895
"1441";"PH103523000";"Pantar";"3";9,49215316772461
"1442";"PH118211000";"Pantukan";"3";36,9404983520508
"1443";"PH153811000";"Parang";"3";11,336163520813
"1444";"PH098311000";"Payao";"1";22,7058029174805
"1445";"PH153621000";"Piagapo";"3";8,44509887695312
"1446";"PH153635000";"Picong";"4";32,8883399963379
"1447";"PH124711000";"Pigkawayan";"3";10,4549989700317
"1448";"PH124712000";"Pikit";"3";35,448844909668
"1449";"PH097209000";"Pi�an";"3";8,06999111175537
"1450";"PH097338000";"Pitogo";"1";38,1882286071777
"1451";"PH104212000";"Plaridel";"2";26,0549068450928
"1452";"PH097210000";"Polanco";"3";9,65374946594238
"1453";"PH126312000";"Polomolok";"5";10,4582271575928
"1454";"PH153622000";"Poona Bayabao";"3";10,2196702957153
"1455";"PH103517000";"Poona Piagapo";"3";11,0939750671387
"1456";"PH097211000";"Pres. Manuel A. Roxas";"1";30,8255424499512
"1457";"PH126510000";"President Quirino";"5";7,16040849685669
"1458";"PH124713000";"President Roxas";"3";8,7990894317627
"1459";"PH153623000";"Pualas";"3";9,96678066253662
"1460";"PH175316000";"";"1";6,02574729919434
"1461";"PH101317000";"Quezon";"3";7,83965015411377
"1462";"PH175317000";"Quezon";"1";7,04608583450317
"1463";"PH153829000";"Rajah Buayan";"3";32,0170593261719
"1464";"PH097323000";"Ramon Magsaysay";"3";8,303466796875
"1465";"PH097212000";"Rizal";"3";6,93170642852783
"1466";"PH175323000";"Rizal";"1";8,27592754364014
"1467";"PH098312000";"Roseller Lim";"1";30,8575401306152
"1468";"PH175318000";"Roxas";"1";16,7365398406982
"1469";"PH153625000";"Saguiaran";"3";11,30690574646
"1470";"PH097213000";"Salug";"3";10,9440383911133
"1471";"PH103518000";"Salvador";"3";21,0938167572021
"1472";"PH101318000";"San Fernando";"3";6,60938501358032
"1473";"PH112324000";"San Isidro";"3";9,49609851837158
"1474";"PH112510000";"San Isidro";"3";11,0281810760498
"1475";"PH097324000";"San Miguel";"3";7,05705165863037
"1476";"PH097325000";"San Pablo";"3";8,452956199646
"1477";"PH175319000";"San Vicente";"1";21,7751235961914
"1478";"PH021522000";"Sanchez-Mira";"1";4,96806383132935
"1479";"PH021523000";"Santa Ana";"2";3,17130947113037
"1480";"PH112412000";"Santa Cruz";"1";15,1824760437012
"1481";"PH160310000";"Santa Josefa";"3";32,0330238342285
"1482";"PH118604000";"Santa Maria";"3";18,8291187286377
"1483";"PH021525000";"Santa Teresita";"5";2,6421070098877
"1484";"PH126318000";"Santo Ni�o";"5";9,91602993011475
"1485";"PH112318000";"Santo Tomas";"5";6,77618789672852
"1486";"PH103519000";"Sapad";"3";33,2256202697754
"1487";"PH104213000";"Sapang Dalaga";"3";23,5205497741699
"1488";"PH118605000";"Sarangani";"1";21,3371028900146
"1489";"PH126512000";"Sen. Ninoy Aquino";"3";17,3945636749268
"1490";"PH097214000";"Sergio Osme�a Sr.";"3";8,33108329772949
"1491";"PH153808000";"Shariff Aguak";"3";18,8835887908936
"1492";"PH153837000";"Shariff Saydona Mustapha";"3";20,7114715576172
"1493";"PH098313000";"Siay";"3";30,7172355651855
"1494";"PH097215000";"Siayan";"3";8,89835453033447
"1495";"PH097216000";"Sibuco";"3";28,990234375
"1496";"PH097217000";"Sibutad";"3";11,1176404953003
"1497";"PH104214000";"Sinacaban";"3";43,180793762207
"1498";"PH097218000";"Sindangan";"3";36,4361190795898
"1499";"PH097219000";"Siocon";"3";10,5930948257446
"1500";"PH097220000";"Sirawai";"3";9,67811965942383
"1501";"PH175324000";"Sofronio Espa�ola";"1";7,38635492324829
"1502";"PH097340000";"Sominot";"3";8,74914646148682
"1503";"PH153817000";"South Upi";"3";24,184778213501
"1504";"PH112414000";"Sulop";"1";12,3786725997925
"1505";"PH153640000";"Sultan Dumalondong";"3";9,5527982711792
"1506";"PH153812000";"Sultan Kudarat";"3";28,9214763641357
"1507";"PH153824000";"Sultan Mastura";"3";9,1855878829956
"1508";"PH103506000";"Sultan Naga Dimaporo";"3";29,188362121582
"1509";"PH153813000";"Sultan Sa Barongis";"3";25,3924655914307
"1510";"PH101319000";"Sumilao";"3";9,36446380615234
"1511";"PH150705000";"Sumisip";"3";41,8567085266113
"1512";"PH126313000";"Surallah";"3";8,3654088973999
"1513";"PH126316000";"T'Boli";"3";24,7507057189941
"1514";"PH097327000";"Tabina";"1";24,235990524292
"1515";"PH103520000";"Tagoloan";"3";8,72034454345703
"1516";"PH104324000";"Tagoloan";"1";12,7526445388794
"1517";"PH153638000";"Tagoloan Ii";"3";9,27527904510498
"1518";"PH112322000";"Talaingod";"3";54,0351142883301
"1519";"PH101320000";"Talakag";"3";28,3360996246338
"1520";"PH153816000";"Talayan";"3";43,4205360412598
"1521";"PH153821000";"Talitay";"3";11,4163045883179
"1522";"PH098314000";"Talusan";"1";18,2453498840332
"1523";"PH097328000";"Tambulig";"3";22,6192264556885
"1524";"PH126314000";"Tampakan";"3";13,668963432312
"1525";"PH153626000";"Tamparan";"5";7,9533839225769
"1526";"PH097221000";"Tampilisan";"3";32,5768165588379
"1527";"PH103521000";"Tangcal";"3";7,70280075073242
"1528";"PH104215000";"";"3";11,8955726623535
"1529";"PH126315000";"Tantangan";"3";7,28578042984009
"1530";"PH153627000";"Taraka";"5";8,87641143798828
"1531";"PH112511000";"Tarragona";"1";22,3287086486816
"1532";"PH097344000";"Tigbao";"3";8,44704341888428
"1533";"PH150706000";"Tipo-Tipo";"3";8,15985870361328
"1534";"PH098315000";"Titay";"3";24,8233547210693
"1535";"PH160312000";"Trento";"3";35,8845710754395
"1536";"PH153628000";"Tubaran";"3";9,55239105224609
"1537";"PH103522000";"Tubod";"1";11,144947052002
"1538";"PH150707000";"Tuburan";"3";9,24088859558105
"1539";"PH104216000";"Tudela";"3";9,91792011260986
"1540";"PH153629000";"Tugaya";"3";9,15939044952393
"1541";"PH097330000";"Tukuran";"1";9,13844871520996
"1542";"PH124714000";"Tulunan";"3";29,6728439331055
"1543";"PH098316000";"Tungawan";"1";26,1876258850098
"1544";"PH126317000";"Tupi";"3";9,31332588195801
"1545";"PH150711000";"Ungkaya Pukan";"3";27,2215938568115
"1546";"PH153815000";"Upi";"3";21,9197387695312
"1547";"PH160313000";"Veruela";"3";8,37224674224854
"1548";"PH104326000";"Villanueva";"1";8,58261394500732
"1549";"PH097341000";"Vincenzo A. Sagun";"1";7,94040775299072
"1550";"PH153630000";"Wao";"3";10,6242351531982
"1551";"PH097332000";"";"1";42,1818656921387
"1552";"PH020901000";"Basco";"5";14,5135850906372
"1553";"PH020902000";"Itbayat";"1";7,47337675094604
"1554";"PH020903000";"Ivana";"1";9,13720607757568
"1555";"PH020904000";"Mahatao";"1";8,20362567901611
"1556";"PH020905000";"Sabtang";"1";13,1220941543579
"1557";"PH020906000";"Uyugan";"1";9,20034599304199
"1558";"PH175304000";"Balabac";"1";7,52091264724731
"1559";"PH157002000";"Bongao";"1";11,0153169631958
"1560";"PH156606000";"Hadji Panglima Tahil";"2";30,5566673278809
"1561";"PH156601000";"Indanan";"3";33,3774909973145
"1562";"PH156602000";"Jolo";"2";45,349796295166
"1563";"PH156603000";"Kalingalan Caluang";"3";9,71645545959473
"1564";"PH157009000";"Languyan";"3";20,9428024291992
"1565";"PH156617000";"Lugus";"1";38,9641571044922
"1566";"PH156604000";"Luuk";"3";30,457498550415
"1567";"PH156605000";"Maimbung";"3";26,1644287109375
"1568";"PH150704000";"Maluso";"3";22,721830368042
"1569";"PH157003000";"Mapun";"1";21,5536727905273
"1570";"PH156607000";"Old Panamao";"3";29,0558681488037
"1571";"PH156619000";"Omar";"3";31,9149417877197
"1572";"PH156618000";"Pandami";"1";10,2775735855103
"1573";"PH156616000";"Panglima Estino";"3";10,6721563339233
"1574";"PH157001000";"Panglima Sugala";"3";9,13789367675781
"1575";"PH156608000";"Pangutaran";"3";10,4912614822388
"1576";"PH156609000";"Parang";"3";29,7964572906494
"1577";"PH156610000";"Pata";"1";17,7193069458008
"1578";"PH156611000";"Patikul";"3";22,9260520935059
"1579";"PH157010000";"Sapa-Sapa";"3";9,22616767883301
"1580";"PH156612000";"Siasi";"3";11,2408809661865
"1581";"PH157011000";"Sibutu";"3";9,52879333496094
"1582";"PH157004000";"Simunul";"3";10,1923494338989
"1583";"PH157005000";"Sitangkai";"3";7,93102121353149
"1584";"PH157006000";"South Ubian";"3";7,6770920753479
"1585";"PH150713000";"Tabuan-Lasa";"3";12,4302082061768
"1586";"PH156613000";"Talipao";"3";8,27018642425537
"1587";"PH157007000";"Tandubas";"3";13,1434354782104
"1588";"PH156614000";"Tapul";"1";14,9037618637085
"1589";"PH156615000";"Tongkil";"3";16,0445785522461
"1590";"PH157008000";"Turtle Islands";"3";27,1842765808105
