"field_1";"Mun_Code";"adj_scm_CF_M15";"adj_scm_cfm15"
"1";"PH175101000";"4.48636102676392";4.49
"2";"PH030801000";"4.48636102676392";4.49
"3";"PH083701000";"35.7846984863281";35.78
"4";"PH045601000";"4.48636102676392";4.49
"5";"PH025701000";"4.48636102676392";4.49
"6";"PH015501000";"4.48636102676392";4.49
"7";"PH041001000";"4.48636102676392";4.49
"8";"PH013301000";"4.48636102676392";4.49
"9";"PH015502000";"4.48636102676392";4.49
"10";"PH175302000";"4.48636102676392";4.49
"11";"PH063001000";"35.7846984863281";35.78
"12";"PH045602000";"4.48636102676392";4.49
"13";"PH043401000";"4.48636102676392";4.49
"14";"PH083702000";"35.7846984863281";35.78
"15";"PH083703000";"35.7846984863281";35.78
"16";"PH015504000";"4.48636102676392";4.49
"17";"PH175901000";"4.48636102676392";4.49
"18";"PH042101000";"4.48636102676392";4.49
"19";"PH025015000";"4.48636102676392";4.49
"20";"PH034901000";"4.48636102676392";4.49
"21";"PH012901000";"4.48636102676392";4.49
"22";"PH063002000";"35.7846984863281";35.78
"23";"PH041002000";"4.48636102676392";4.49
"24";"PH084801000";"35.7846984863281";35.78
"25";"PH086001000";"35.7846984863281";35.78
"26";"PH087801000";"35.7846984863281";35.78
"27";"PH072204000";"35.7846984863281";35.78
"28";"PH060401000";"35.7846984863281";35.78
"29";"PH042102000";"4.48636102676392";4.49
"30";"PH025001000";"4.48636102676392";4.49
"31";"PH086401000";"35.7846984863281";35.78
"32";"PH036901000";"4.48636102676392";4.49
"33";"PH015505000";"4.48636102676392";4.49
"34";"PH031401000";"4.48636102676392";4.49
"35";"PH035401000";"4.48636102676392";4.49
"36";"PH045801000";"4.48636102676392";4.49
"37";"PH063003000";"35.7846984863281";35.78
"38";"PH060601000";"35.7846984863281";35.78
"39";"PH035402000";"4.48636102676392";4.49
"40";"PH035403000";"4.48636102676392";4.49
"41";"PH013302000";"4.48636102676392";4.49
"42";"PH025002000";"4.48636102676392";4.49
"43";"PH054101000";"4.48636102676392";4.49
"44";"PH082601000";"35.7846984863281";35.78
"45";"PH015506000";"4.48636102676392";4.49
"46";"PH142711000";"4.48636102676392";4.49
"47";"PH072206000";"35.7846984863281";35.78
"48";"PH045603000";"4.48636102676392";4.49
"49";"PH141101000";"4.48636102676392";4.49
"50";"PH051701000";"4.48636102676392";4.49
"51";"PH083705000";"35.7846984863281";35.78
"52";"PH050501000";"4.48636102676392";4.49
"53";"PH013303000";"4.48636102676392";4.49
"54";"PH175201000";"4.48636102676392";4.49
"55";"PH035404000";"4.48636102676392";4.49
"56";"PH042103000";"4.48636102676392";4.49
"57";"PH063004000";"35.7846984863281";35.78
"58";"PH025003000";"4.48636102676392";4.49
"59";"PH030802000";"4.48636102676392";4.49
"60";"PH052001000";"4.48636102676392";4.49
"61";"PH141102000";"4.48636102676392";4.49
"62";"PH013304000";"4.48636102676392";4.49
"63";"PH141103000";"4.48636102676392";4.49
"64";"PH031402000";"4.48636102676392";4.49
"65";"PH072208000";"35.7846984863281";35.78
"66";"PH082602000";"35.7846984863281";35.78
"67";"PH082603000";"35.7846984863281";35.78
"68";"PH013305000";"4.48636102676392";4.49
"69";"PH063005000";"35.7846984863281";35.78
"70";"PH051702000";"4.48636102676392";4.49
"71";"PH041003000";"4.48636102676392";4.49
"72";"PH054102000";"4.48636102676392";4.49
"73";"PH037701000";"4.48636102676392";4.49
"74";"PH041004000";"4.48636102676392";4.49
"75";"PH060402000";"35.7846984863281";35.78
"76";"PH031403000";"4.48636102676392";4.49
"77";"PH054103000";"4.48636102676392";4.49
"78";"PH015507000";"4.48636102676392";4.49
"79";"PH036902000";"4.48636102676392";4.49
"80";"PH025004000";"4.48636102676392";4.49
"81";"PH063006000";"35.7846984863281";35.78
"82";"PH060403000";"35.7846984863281";35.78
"83";"PH013306000";"4.48636102676392";4.49
"84";"PH015508000";"4.48636102676392";4.49
"85";"PH175202000";"4.48636102676392";4.49
"86";"PH072209000";"35.7846984863281";35.78
"87";"PH175902000";"4.48636102676392";4.49
"88";"PH045803000";"4.48636102676392";4.49
"89";"PH052002000";"4.48636102676392";4.49
"90";"PH060602000";"35.7846984863281";35.78
"91";"PH056202000";"4.48636102676392";4.49
"92";"PH072210000";"35.7846984863281";35.78
"93";"PH063007000";"35.7846984863281";35.78
"94";"PH063008000";"35.7846984863281";35.78
"95";"PH083706000";"35.7846984863281";35.78
"96";"PH086002000";"35.7846984863281";35.78
"97";"PH168501000";"14.0964546203613";14.10
"98";"PH015509000";"4.48636102676392";4.49
"99";"PH051601000";"4.48636102676392";4.49
"100";"PH063009000";"35.7846984863281";35.78
"101";"PH060404000";"35.7846984863281";35.78
"102";"PH041005000";"4.48636102676392";4.49
"103";"PH051703000";"4.48636102676392";4.49
"104";"PH052003000";"4.48636102676392";4.49
"105";"PH083707000";"35.7846984863281";35.78
"106";"PH054104000";"4.48636102676392";4.49
"107";"PH041006000";"4.48636102676392";4.49
"108";"PH013307000";"4.48636102676392";4.49
"109";"PH144402000";"4.48636102676392";4.49
"110";"PH015510000";"4.48636102676392";4.49
"111";"PH043402000";"4.48636102676392";4.49
"112";"PH015511000";"4.48636102676392";4.49
"113";"PH025005000";"4.48636102676392";4.49
"114";"PH060603000";"35.7846984863281";35.78
"115";"PH071248000";"35.7846984863281";35.78
"116";"PH087802000";"35.7846984863281";35.78
"117";"PH015512000";"4.48636102676392";4.49
"118";"PH045804000";"4.48636102676392";4.49
"119";"PH063010000";"35.7846984863281";35.78
"120";"PH015513000";"4.48636102676392";4.49
"121";"PH133902000";"4.48636102676392";4.49
"122";"PH084802000";"35.7846984863281";35.78
"123";"PH174001000";"4.48636102676392";4.49
"124";"PH084803000";"35.7846984863281";35.78
"125";"PH031404000";"4.48636102676392";4.49
"126";"PH141104000";"4.48636102676392";4.49
"127";"PH015514000";"4.48636102676392";4.49
"128";"PH051704000";"4.48636102676392";4.49
"129";"PH034902000";"4.48636102676392";4.49
"130";"PH175203000";"4.48636102676392";4.49
"131";"PH086402000";"35.7846984863281";35.78
"132";"PH072213000";"35.7846984863281";35.78
"133";"PH037101000";"4.48636102676392";4.49
"134";"PH045605000";"4.48636102676392";4.49
"135";"PH067901000";"35.7846984863281";35.78
"136";"PH071209000";"35.7846984863281";35.78
"137";"PH174002000";"4.48636102676392";4.49
"138";"PH015515000";"4.48636102676392";4.49
"139";"PH060604000";"35.7846984863281";35.78
"140";"PH141105000";"4.48636102676392";4.49
"141";"PH051705000";"4.48636102676392";4.49
"142";"PH051706000";"4.48636102676392";4.49
"143";"PH031405000";"4.48636102676392";4.49
"144";"PH175204000";"4.48636102676392";4.49
"145";"PH056203000";"4.48636102676392";4.49
"146";"PH056204000";"4.48636102676392";4.49
"147";"PH083710000";"35.7846984863281";35.78
"148";"PH045606000";"4.48636102676392";4.49
"149";"PH013308000";"4.48636102676392";4.49
"150";"PH015516000";"4.48636102676392";4.49
"151";"PH166704000";"14.0964546203613";14.10
"152";"PH060405000";"35.7846984863281";35.78
"153";"PH031406000";"4.48636102676392";4.49
"154";"PH175307000";"4.48636102676392";4.49
"155";"PH013309000";"4.48636102676392";4.49
"156";"PH034903000";"4.48636102676392";4.49
"157";"PH037102000";"4.48636102676392";4.49
"158";"PH025702000";"4.48636102676392";4.49
"159";"PH063012000";"35.7846984863281";35.78
"160";"PH034904000";"4.48636102676392";4.49
"161";"PH087803000";"35.7846984863281";35.78
"162";"PH051707000";"4.48636102676392";4.49
"163";"PH043404000";"4.48636102676392";4.49
"164";"PH175308000";"4.48636102676392";4.49
"165";"PH168502000";"14.0964546203613";14.10
"166";"PH087804000";"35.7846984863281";35.78
"167";"PH045805000";"4.48636102676392";4.49
"168";"PH175903000";"4.48636102676392";4.49
"169";"PH051708000";"4.48636102676392";4.49
"170";"PH041007000";"4.48636102676392";4.49
"171";"PH015517000";"4.48636102676392";4.49
"172";"PH041008000";"4.48636102676392";4.49
"173";"PH175904000";"4.48636102676392";4.49
"174";"PH045607000";"4.48636102676392";4.49
"175";"PH043406000";"4.48636102676392";4.49
"176";"PH086003000";"35.7846984863281";35.78
"177";"PH086004000";"35.7846984863281";35.78
"178";"PH063013000";"35.7846984863281";35.78
"179";"PH175102000";"4.48636102676392";4.49
"180";"PH137501000";"4.48636102676392";4.49
"181";"PH083713000";"35.7846984863281";35.78
"182";"PH031407000";"4.48636102676392";4.49
"183";"PH060605000";"35.7846984863281";35.78
"184";"PH050502000";"4.48636102676392";4.49
"185";"PH051709000";"4.48636102676392";4.49
"186";"PH036903000";"4.48636102676392";4.49
"187";"PH082605000";"35.7846984863281";35.78
"188";"PH051710000";"4.48636102676392";4.49
"189";"PH035405000";"4.48636102676392";4.49
"190";"PH037103000";"4.48636102676392";4.49
"191";"PH045608000";"4.48636102676392";4.49
"192";"PH051602000";"4.48636102676392";4.49
"193";"PH036904000";"4.48636102676392";4.49
"194";"PH083714000";"35.7846984863281";35.78
"195";"PH084804000";"35.7846984863281";35.78
"196";"PH051711000";"4.48636102676392";4.49
"197";"PH052004000";"4.48636102676392";4.49
"198";"PH045806000";"4.48636102676392";4.49
"199";"PH083715000";"35.7846984863281";35.78
"200";"PH063014000";"35.7846984863281";35.78
"201";"PH072215000";"35.7846984863281";35.78
"202";"PH042104000";"4.48636102676392";4.49
"203";"PH034905000";"4.48636102676392";4.49
"204";"PH037702000";"4.48636102676392";4.49
"205";"PH056205000";"4.48636102676392";4.49
"206";"PH056206000";"4.48636102676392";4.49
"207";"PH037104000";"4.48636102676392";4.49
"208";"PH054105000";"4.48636102676392";4.49
"209";"PH045610000";"4.48636102676392";4.49
"210";"PH084805000";"35.7846984863281";35.78
"211";"PH072216000";"35.7846984863281";35.78
"212";"PH084806000";"35.7846984863281";35.78
"213";"PH043407000";"4.48636102676392";4.49
"214";"PH042105000";"4.48636102676392";4.49
"215";"PH054106000";"4.48636102676392";4.49
"216";"PH072217000";"35.7846984863281";35.78
"217";"PH012908000";"4.48636102676392";4.49
"218";"PH015503000";"4.48636102676392";4.49
"219";"PH045802000";"4.48636102676392";4.49
"220";"PH030803000";"4.48636102676392";4.49
"221";"PH083708000";"35.7846984863281";35.78
"222";"PH043403000";"4.48636102676392";4.49
"223";"PH072211000";"35.7846984863281";35.78
"224";"PH082604000";"35.7846984863281";35.78
"225";"PH043405000";"4.48636102676392";4.49
"226";"PH175205000";"4.48636102676392";4.49
"227";"PH072214000";"35.7846984863281";35.78
"228";"PH086005000";"35.7846984863281";35.78
"229";"PH042106000";"4.48636102676392";4.49
"230";"PH034908000";"4.48636102676392";4.49
"231";"PH042108000";"4.48636102676392";4.49
"232";"PH137601000";"4.48636102676392";4.49
"233";"PH050508000";"4.48636102676392";4.49
"234";"PH086407000";"35.7846984863281";35.78
"235";"PH137602000";"4.48636102676392";4.49
"236";"PH137502000";"4.48636102676392";4.49
"237";"PH031410000";"4.48636102676392";4.49
"238";"PH137401000";"4.48636102676392";4.49
"239";"PH137402000";"4.48636102676392";4.49
"240";"PH054111000";"4.48636102676392";4.49
"241";"PH031412000";"4.48636102676392";4.49
"242";"PH137603000";"4.48636102676392";4.49
"243";"PH072234000";"35.7846984863281";35.78
"244";"PH137503000";"4.48636102676392";4.49
"245";"PH137604000";"4.48636102676392";4.49
"246";"PH137403000";"4.48636102676392";4.49
"247";"PH063035000";"35.7846984863281";35.78
"248";"PH013314000";"4.48636102676392";4.49
"249";"PH035416000";"4.48636102676392";4.49
"250";"PH031420000";"4.48636102676392";4.49
"251";"PH137405000";"4.48636102676392";4.49
"252";"PH043425000";"4.48636102676392";4.49
"253";"PH043428000";"4.48636102676392";4.49
"254";"PH023135000";"4.48636102676392";4.49
"255";"PH056216000";"4.48636102676392";4.49
"256";"PH050517000";"4.48636102676392";4.49
"257";"PH072250000";"35.7846984863281";35.78
"258";"PH041031000";"4.48636102676392";4.49
"259";"PH036916000";"4.48636102676392";4.49
"260";"PH045647000";"4.48636102676392";4.49
"261";"PH015546000";"4.48636102676392";4.49
"262";"PH137504000";"4.48636102676392";4.49
"263";"PH054107000";"4.48636102676392";4.49
"264";"PH072218000";"35.7846984863281";35.78
"265";"PH036905000";"4.48636102676392";4.49
"266";"PH063015000";"35.7846984863281";35.78
"267";"PH175905000";"4.48636102676392";4.49
"268";"PH072219000";"35.7846984863281";35.78
"269";"PH175906000";"4.48636102676392";4.49
"270";"PH023109000";"4.48636102676392";4.49
"271";"PH072220000";"35.7846984863281";35.78
"272";"PH175309000";"4.48636102676392";4.49
"273";"PH061901000";"35.7846984863281";35.78
"274";"PH041009000";"4.48636102676392";4.49
"275";"PH087805000";"35.7846984863281";35.78
"276";"PH060606000";"35.7846984863281";35.78
"277";"PH175322000";"4.48636102676392";4.49
"278";"PH034906000";"4.48636102676392";4.49
"279";"PH175310000";"4.48636102676392";4.49
"280";"PH072221000";"35.7846984863281";35.78
"281";"PH051603000";"4.48636102676392";4.49
"282";"PH083717000";"35.7846984863281";35.78
"283";"PH015518000";"4.48636102676392";4.49
"284";"PH072223000";"35.7846984863281";35.78
"285";"PH061902000";"35.7846984863281";35.78
"286";"PH166707000";"14.0964546203613";14.10
"287";"PH050503000";"4.48636102676392";4.49
"288";"PH086006000";"35.7846984863281";35.78
"289";"PH015519000";"4.48636102676392";4.49
"290";"PH166708000";"14.0964546203613";14.10
"291";"PH051712000";"4.48636102676392";4.49
"292";"PH025006000";"4.48636102676392";4.49
"293";"PH025703000";"4.48636102676392";4.49
"294";"PH037703000";"4.48636102676392";4.49
"295";"PH054108000";"4.48636102676392";4.49
"296";"PH168503000";"14.0964546203613";14.10
"297";"PH037704000";"4.48636102676392";4.49
"298";"PH030804000";"4.48636102676392";4.49
"299";"PH037705000";"4.48636102676392";4.49
"300";"PH063016000";"35.7846984863281";35.78
"301";"PH037706000";"4.48636102676392";4.49
"302";"PH045615000";"4.48636102676392";4.49
"303";"PH082606000";"35.7846984863281";35.78
"304";"PH031424000";"4.48636102676392";4.49
"305";"PH056207000";"4.48636102676392";4.49
"306";"PH063017000";"35.7846984863281";35.78
"307";"PH083718000";"35.7846984863281";35.78
"308";"PH061903000";"35.7846984863281";35.78
"309";"PH063018000";"35.7846984863281";35.78
"310";"PH061904000";"35.7846984863281";35.78
"311";"PH025007000";"4.48636102676392";4.49
"312";"PH025008000";"4.48636102676392";4.49
"313";"PH023112000";"4.48636102676392";4.49
"314";"PH175312000";"4.48636102676392";4.49
"315";"PH133908000";"4.48636102676392";4.49
"316";"PH054109000";"4.48636102676392";4.49
"317";"PH063019000";"35.7846984863281";35.78
"318";"PH043408000";"4.48636102676392";4.49
"319";"PH175916000";"4.48636102676392";4.49
"320";"PH035406000";"4.48636102676392";4.49
"321";"PH034907000";"4.48636102676392";4.49
"322";"PH051713000";"4.48636102676392";4.49
"323";"PH084807000";"35.7846984863281";35.78
"324";"PH086007000";"35.7846984863281";35.78
"325";"PH051714000";"4.48636102676392";4.49
"326";"PH174003000";"4.48636102676392";4.49
"327";"PH042123000";"4.48636102676392";4.49
"328";"PH042107000";"4.48636102676392";4.49
"329";"PH045616000";"4.48636102676392";4.49
"330";"PH166710000";"14.0964546203613";14.10
"331";"PH082607000";"35.7846984863281";35.78
"332";"PH034909000";"4.48636102676392";4.49
"333";"PH045617000";"4.48636102676392";4.49
"334";"PH034910000";"4.48636102676392";4.49
"335";"PH036906000";"4.48636102676392";4.49
"336";"PH071226000";"35.7846984863281";35.78
"337";"PH052005000";"4.48636102676392";4.49
"338";"PH082608000";"35.7846984863281";35.78
"339";"PH175206000";"4.48636102676392";4.49
"340";"PH051715000";"4.48636102676392";4.49
"341";"PH035407000";"4.48636102676392";4.49
"342";"PH056208000";"4.48636102676392";4.49
"343";"PH031408000";"4.48636102676392";4.49
"344";"PH034911000";"4.48636102676392";4.49
"345";"PH063020000";"35.7846984863281";35.78
"346";"PH045618000";"4.48636102676392";4.49
"347";"PH050504000";"4.48636102676392";4.49
"348";"PH082609000";"35.7846984863281";35.78
"349";"PH045619000";"4.48636102676392";4.49
"350";"PH031409000";"4.48636102676392";4.49
"351";"PH060608000";"35.7846984863281";35.78
"352";"PH030805000";"4.48636102676392";4.49
"353";"PH082610000";"35.7846984863281";35.78
"354";"PH083719000";"35.7846984863281";35.78
"355";"PH086008000";"35.7846984863281";35.78
"356";"PH083720000";"35.7846984863281";35.78
"357";"PH142709000";"4.48636102676392";4.49
"358";"PH086403000";"35.7846984863281";35.78
"359";"PH086404000";"35.7846984863281";35.78
"360";"PH142702000";"4.48636102676392";4.49
"361";"PH037105000";"4.48636102676392";4.49
"362";"PH041010000";"4.48636102676392";4.49
"363";"PH060406000";"35.7846984863281";35.78
"364";"PH063021000";"35.7846984863281";35.78
"365";"PH063022000";"35.7846984863281";35.78
"366";"PH042109000";"4.48636102676392";4.49
"367";"PH071224000";"35.7846984863281";35.78
"368";"PH042110000";"4.48636102676392";4.49
"369";"PH015520000";"4.48636102676392";4.49
"370";"PH045620000";"4.48636102676392";4.49
"371";"PH083721000";"35.7846984863281";35.78
"372";"PH133909000";"4.48636102676392";4.49
"373";"PH051716000";"4.48636102676392";4.49
"374";"PH056209000";"4.48636102676392";4.49
"375";"PH083722000";"35.7846984863281";35.78
"376";"PH141106000";"4.48636102676392";4.49
"377";"PH061905000";"35.7846984863281";35.78
"378";"PH034912000";"4.48636102676392";4.49
"379";"PH045807000";"4.48636102676392";4.49
"380";"PH061906000";"35.7846984863281";35.78
"381";"PH063023000";"35.7846984863281";35.78
"382";"PH083723000";"35.7846984863281";35.78
"383";"PH083724000";"35.7846984863281";35.78
"384";"PH086009000";"35.7846984863281";35.78
"385";"PH082611000";"35.7846984863281";35.78
"386";"PH045621000";"4.48636102676392";4.49
"387";"PH023115000";"4.48636102676392";4.49
"388";"PH067902000";"35.7846984863281";35.78
"389";"PH051605000";"4.48636102676392";4.49
"390";"PH050505000";"4.48636102676392";4.49
"391";"PH056210000";"4.48636102676392";4.49
"392";"PH083725000";"35.7846984863281";35.78
"393";"PH141107000";"4.48636102676392";4.49
"394";"PH043409000";"4.48636102676392";4.49
"395";"PH060407000";"35.7846984863281";35.78
"396";"PH083726000";"35.7846984863281";35.78
"397";"PH141108000";"4.48636102676392";4.49
"398";"PH025009000";"4.48636102676392";4.49
"399";"PH087806000";"35.7846984863281";35.78
"400";"PH042111000";"4.48636102676392";4.49
"401";"PH025010000";"4.48636102676392";4.49
"402";"PH142703000";"4.48636102676392";4.49
"403";"PH141109000";"4.48636102676392";4.49
"404";"PH036907000";"4.48636102676392";4.49
"405";"PH083728000";"35.7846984863281";35.78
"406";"PH141110000";"4.48636102676392";4.49
"407";"PH051606000";"4.48636102676392";4.49
"408";"PH015521000";"4.48636102676392";4.49
"409";"PH142704000";"4.48636102676392";4.49
"410";"PH051717000";"4.48636102676392";4.49
"411";"PH063025000";"35.7846984863281";35.78
"412";"PH142705000";"4.48636102676392";4.49
"413";"PH015548000";"4.48636102676392";4.49
"414";"PH084808000";"35.7846984863281";35.78
"415";"PH084809000";"35.7846984863281";35.78
"416";"PH072226000";"35.7846984863281";35.78
"417";"PH084810000";"35.7846984863281";35.78
"418";"PH060609000";"35.7846984863281";35.78
"419";"PH034913000";"4.48636102676392";4.49
"420";"PH041011000";"4.48636102676392";4.49
"421";"PH084811000";"35.7846984863281";35.78
"422";"PH082612000";"35.7846984863281";35.78
"423";"PH063026000";"35.7846984863281";35.78
"424";"PH050506000";"4.48636102676392";4.49
"425";"PH041012000";"4.48636102676392";4.49
"426";"PH063027000";"35.7846984863281";35.78
"427";"PH063028000";"35.7846984863281";35.78
"428";"PH083729000";"35.7846984863281";35.78
"429";"PH060408000";"35.7846984863281";35.78
"430";"PH041013000";"4.48636102676392";4.49
"431";"PH060409000";"35.7846984863281";35.78
"432";"PH086405000";"35.7846984863281";35.78
"433";"PH060610000";"35.7846984863281";35.78
"434";"PH168504000";"14.0964546203613";14.10
"435";"PH051718000";"4.48636102676392";4.49
"436";"PH050507000";"4.48636102676392";4.49
"437";"PH034914000";"4.48636102676392";4.49
"438";"PH043410000";"4.48636102676392";4.49
"439";"PH072227000";"35.7846984863281";35.78
"440";"PH086406000";"35.7846984863281";35.78
"441";"PH086419000";"35.7846984863281";35.78
"442";"PH030806000";"4.48636102676392";4.49
"443";"PH175313000";"4.48636102676392";4.49
"444";"PH015522000";"4.48636102676392";4.49
"445";"PH041014000";"4.48636102676392";4.49
"446";"PH034915000";"4.48636102676392";4.49
"447";"PH082613000";"35.7846984863281";35.78
"448";"PH041015000";"4.48636102676392";4.49
"449";"PH175103000";"4.48636102676392";4.49
"450";"PH175907000";"4.48636102676392";4.49
"451";"PH084824000";"35.7846984863281";35.78
"452";"PH045622000";"4.48636102676392";4.49
"453";"PH168505000";"14.0964546203613";14.10
"454";"PH043411000";"4.48636102676392";4.49
"455";"PH175104000";"4.48636102676392";4.49
"456";"PH035408000";"4.48636102676392";4.49
"457";"PH045623000";"4.48636102676392";4.49
"458";"PH045624000";"4.48636102676392";4.49
"459";"PH043412000";"4.48636102676392";4.49
"460";"PH043413000";"4.48636102676392";4.49
"461";"PH013310000";"4.48636102676392";4.49
"462";"PH034916000";"4.48636102676392";4.49
"463";"PH051719000";"4.48636102676392";4.49
"464";"PH061907000";"35.7846984863281";35.78
"465";"PH063029000";"35.7846984863281";35.78
"466";"PH035409000";"4.48636102676392";4.49
"467";"PH015523000";"4.48636102676392";4.49
"468";"PH041016000";"4.48636102676392";4.49
"469";"PH043414000";"4.48636102676392";4.49
"470";"PH035410000";"4.48636102676392";4.49
"471";"PH045625000";"4.48636102676392";4.49
"472";"PH083730000";"35.7846984863281";35.78
"473";"PH086408000";"35.7846984863281";35.78
"474";"PH060410000";"35.7846984863281";35.78
"475";"PH025704000";"4.48636102676392";4.49
"476";"PH072228000";"35.7846984863281";35.78
"477";"PH035411000";"4.48636102676392";4.49
"478";"PH042112000";"4.48636102676392";4.49
"479";"PH056211000";"4.48636102676392";4.49
"480";"PH051720000";"4.48636102676392";4.49
"481";"PH043415000";"4.48636102676392";4.49
"482";"PH175908000";"4.48636102676392";4.49
"483";"PH175105000";"4.48636102676392";4.49
"484";"PH175314000";"4.48636102676392";4.49
"485";"PH083731000";"35.7846984863281";35.78
"486";"PH043416000";"4.48636102676392";4.49
"487";"PH060411000";"35.7846984863281";35.78
"488";"PH015524000";"4.48636102676392";4.49
"489";"PH133910000";"4.48636102676392";4.49
"490";"PH060412000";"35.7846984863281";35.78
"491";"PH050509000";"4.48636102676392";4.49
"492";"PH050510000";"4.48636102676392";4.49
"493";"PH060413000";"35.7846984863281";35.78
"494";"PH086409000";"35.7846984863281";35.78
"495";"PH041017000";"4.48636102676392";4.49
"496";"PH175106000";"4.48636102676392";4.49
"497";"PH061908000";"35.7846984863281";35.78
"498";"PH015525000";"4.48636102676392";4.49
"499";"PH054110000";"4.48636102676392";4.49
"500";"PH072230000";"35.7846984863281";35.78
"501";"PH015526000";"4.48636102676392";4.49
"502";"PH015527000";"4.48636102676392";4.49
"503";"PH050511000";"4.48636102676392";4.49
"504";"PH141111000";"4.48636102676392";4.49
"505";"PH175207000";"4.48636102676392";4.49
"506";"PH084812000";"35.7846984863281";35.78
"507";"PH015528000";"4.48636102676392";4.49
"508";"PH086010000";"35.7846984863281";35.78
"509";"PH042113000";"4.48636102676392";4.49
"510";"PH037707000";"4.48636102676392";4.49
"511";"PH031411000";"4.48636102676392";4.49
"512";"PH087807000";"35.7846984863281";35.78
"513";"PH030807000";"4.48636102676392";4.49
"514";"PH035412000";"4.48636102676392";4.49
"515";"PH037106000";"4.48636102676392";4.49
"516";"PH082614000";"35.7846984863281";35.78
"517";"PH041018000";"4.48636102676392";4.49
"518";"PH083733000";"35.7846984863281";35.78
"519";"PH083734000";"35.7846984863281";35.78
"520";"PH056212000";"4.48636102676392";4.49
"521";"PH086011000";"35.7846984863281";35.78
"522";"PH045627000";"4.48636102676392";4.49
"523";"PH036908000";"4.48636102676392";4.49
"524";"PH082615000";"35.7846984863281";35.78
"525";"PH083735000";"35.7846984863281";35.78
"526";"PH142706000";"4.48636102676392";4.49
"527";"PH072231000";"35.7846984863281";35.78
"528";"PH042114000";"4.48636102676392";4.49
"529";"PH051607000";"4.48636102676392";4.49
"530";"PH082616000";"35.7846984863281";35.78
"531";"PH083736000";"35.7846984863281";35.78
"532";"PH035413000";"4.48636102676392";4.49
"533";"PH063030000";"35.7846984863281";35.78
"534";"PH054112000";"4.48636102676392";4.49
"535";"PH051721000";"4.48636102676392";4.49
"536";"PH063031000";"35.7846984863281";35.78
"537";"PH051722000";"4.48636102676392";4.49
"538";"PH035414000";"4.48636102676392";4.49
"539";"PH072232000";"35.7846984863281";35.78
"540";"PH054113000";"4.48636102676392";4.49
"541";"PH174004000";"4.48636102676392";4.49
"542";"PH036909000";"4.48636102676392";4.49
"543";"PH084813000";"35.7846984863281";35.78
"544";"PH054114000";"4.48636102676392";4.49
"545";"PH030808000";"4.48636102676392";4.49
"546";"PH045809000";"4.48636102676392";4.49
"547";"PH086012000";"35.7846984863281";35.78
"548";"PH045628000";"4.48636102676392";4.49
"549";"PH060414000";"35.7846984863281";35.78
"550";"PH051723000";"4.48636102676392";4.49
"551";"PH051724000";"4.48636102676392";4.49
"552";"PH043417000";"4.48636102676392";4.49
"553";"PH025706000";"4.48636102676392";4.49
"554";"PH013311000";"4.48636102676392";4.49
"555";"PH042115000";"4.48636102676392";4.49
"556";"PH034918000";"4.48636102676392";4.49
"557";"PH041019000";"4.48636102676392";4.49
"558";"PH015529000";"4.48636102676392";4.49
"559";"PH175208000";"4.48636102676392";4.49
"560";"PH087808000";"35.7846984863281";35.78
"561";"PH063032000";"35.7846984863281";35.78
"562";"PH060415000";"35.7846984863281";35.78
"563";"PH031413000";"4.48636102676392";4.49
"564";"PH042116000";"4.48636102676392";4.49
"565";"PH067903000";"35.7846984863281";35.78
"566";"PH060416000";"35.7846984863281";35.78
"567";"PH050512000";"4.48636102676392";4.49
"568";"PH031414000";"4.48636102676392";4.49
"569";"PH051725000";"4.48636102676392";4.49
"570";"PH175909000";"4.48636102676392";4.49
"571";"PH037107000";"4.48636102676392";4.49
"572";"PH030809000";"4.48636102676392";4.49
"573";"PH082617000";"35.7846984863281";35.78
"574";"PH030810000";"4.48636102676392";4.49
"575";"PH083738000";"35.7846984863281";35.78
"576";"PH063034000";"35.7846984863281";35.78
"577";"PH133911000";"4.48636102676392";4.49
"578";"PH045629000";"4.48636102676392";4.49
"579";"PH086410000";"35.7846984863281";35.78
"580";"PH041020000";"4.48636102676392";4.49
"581";"PH043418000";"4.48636102676392";4.49
"582";"PH045630000";"4.48636102676392";4.49
"583";"PH086026000";"35.7846984863281";35.78
"584";"PH043419000";"4.48636102676392";4.49
"585";"PH043420000";"4.48636102676392";4.49
"586";"PH054115000";"4.48636102676392";4.49
"587";"PH084814000";"35.7846984863281";35.78
"588";"PH037108000";"4.48636102676392";4.49
"589";"PH034919000";"4.48636102676392";4.49
"590";"PH083739000";"35.7846984863281";35.78
"591";"PH083740000";"35.7846984863281";35.78
"592";"PH175107000";"4.48636102676392";4.49
"593";"PH084815000";"35.7846984863281";35.78
"594";"PH051726000";"4.48636102676392";4.49
"595";"PH061909000";"35.7846984863281";35.78
"596";"PH133912000";"4.48636102676392";4.49
"597";"PH052006000";"4.48636102676392";4.49
"598";"PH060611000";"35.7846984863281";35.78
"599";"PH031415000";"4.48636102676392";4.49
"600";"PH052007000";"4.48636102676392";4.49
"601";"PH043421000";"4.48636102676392";4.49
"602";"PH036910000";"4.48636102676392";4.49
"603";"PH061910000";"35.7846984863281";35.78
"604";"PH034920000";"4.48636102676392";4.49
"605";"PH045631000";"4.48636102676392";4.49
"606";"PH031416000";"4.48636102676392";4.49
"607";"PH051608000";"4.48636102676392";4.49
"608";"PH086022000";"35.7846984863281";35.78
"609";"PH051727000";"4.48636102676392";4.49
"610";"PH137605000";"4.48636102676392";4.49
"611";"PH083741000";"35.7846984863281";35.78
"612";"PH137606000";"4.48636102676392";4.49
"613";"PH045632000";"4.48636102676392";4.49
"614";"PH060612000";"35.7846984863281";35.78
"615";"PH063036000";"35.7846984863281";35.78
"616";"PH034921000";"4.48636102676392";4.49
"617";"PH045633000";"4.48636102676392";4.49
"618";"PH043422000";"4.48636102676392";4.49
"619";"PH030811000";"4.48636102676392";4.49
"620";"PH056213000";"4.48636102676392";4.49
"621";"PH061911000";"35.7846984863281";35.78
"622";"PH072236000";"35.7846984863281";35.78
"623";"PH166716000";"14.0964546203613";14.10
"624";"PH051728000";"4.48636102676392";4.49
"625";"PH045810000";"4.48636102676392";4.49
"626";"PH086013000";"35.7846984863281";35.78
"627";"PH175209000";"4.48636102676392";4.49
"628";"PH072237000";"35.7846984863281";35.78
"629";"PH086411000";"35.7846984863281";35.78
"630";"PH050513000";"4.48636102676392";4.49
"631";"PH054116000";"4.48636102676392";4.49
"632";"PH045634000";"4.48636102676392";4.49
"633";"PH054117000";"4.48636102676392";4.49
"634";"PH031417000";"4.48636102676392";4.49
"635";"PH045635000";"4.48636102676392";4.49
"636";"PH175210000";"4.48636102676392";4.49
"637";"PH050514000";"4.48636102676392";4.49
"638";"PH045636000";"4.48636102676392";4.49
"639";"PH061912000";"35.7846984863281";35.78
"640";"PH035415000";"4.48636102676392";4.49
"641";"PH072238000";"35.7846984863281";35.78
"642";"PH133913000";"4.48636102676392";4.49
"643";"PH063037000";"35.7846984863281";35.78
"644";"PH015530000";"4.48636102676392";4.49
"645";"PH071235000";"35.7846984863281";35.78
"646";"PH051729000";"4.48636102676392";4.49
"647";"PH061913000";"35.7846984863281";35.78
"648";"PH056214000";"4.48636102676392";4.49
"649";"PH175211000";"4.48636102676392";4.49
"650";"PH013312000";"4.48636102676392";4.49
"651";"PH031418000";"4.48636102676392";4.49
"652";"PH036911000";"4.48636102676392";4.49
"653";"PH025011000";"4.48636102676392";4.49
"654";"PH034922000";"4.48636102676392";4.49
"655";"PH045637000";"4.48636102676392";4.49
"656";"PH137404000";"4.48636102676392";4.49
"657";"PH133903000";"4.48636102676392";4.49
"658";"PH082618000";"35.7846984863281";35.78
"659";"PH051730000";"4.48636102676392";4.49
"660";"PH036912000";"4.48636102676392";4.49
"661";"PH050515000";"4.48636102676392";4.49
"662";"PH045638000";"4.48636102676392";4.49
"663";"PH034923000";"4.48636102676392";4.49
"664";"PH043423000";"4.48636102676392";4.49
"665";"PH175108000";"4.48636102676392";4.49
"666";"PH045808000";"4.48636102676392";4.49
"667";"PH175910000";"4.48636102676392";4.49
"668";"PH015531000";"4.48636102676392";4.49
"669";"PH013313000";"4.48636102676392";4.49
"670";"PH041021000";"4.48636102676392";4.49
"671";"PH042117000";"4.48636102676392";4.49
"672";"PH084816000";"35.7846984863281";35.78
"673";"PH175212000";"4.48636102676392";4.49
"674";"PH061914000";"35.7846984863281";35.78
"675";"PH144407000";"4.48636102676392";4.49
"676";"PH141112000";"4.48636102676392";4.49
"677";"PH175109000";"4.48636102676392";4.49
"678";"PH051731000";"4.48636102676392";4.49
"679";"PH025705000";"4.48636102676392";4.49
"680";"PH086412000";"35.7846984863281";35.78
"681";"PH082619000";"35.7846984863281";35.78
"682";"PH030812000";"4.48636102676392";4.49
"683";"PH045639000";"4.48636102676392";4.49
"684";"PH133906000";"4.48636102676392";4.49
"685";"PH023127000";"4.48636102676392";4.49
"686";"PH175911000";"4.48636102676392";4.49
"687";"PH045640000";"4.48636102676392";4.49
"688";"PH052008000";"4.48636102676392";4.49
"689";"PH175912000";"4.48636102676392";4.49
"690";"PH034924000";"4.48636102676392";4.49
"691";"PH037109000";"4.48636102676392";4.49
"692";"PH045641000";"4.48636102676392";4.49
"693";"PH084817000";"35.7846984863281";35.78
"694";"PH166718000";"14.0964546203613";14.10
"695";"PH015532000";"4.48636102676392";4.49
"696";"PH036913000";"4.48636102676392";4.49
"697";"PH063038000";"35.7846984863281";35.78
"698";"PH063039000";"35.7846984863281";35.78
"699";"PH015533000";"4.48636102676392";4.49
"700";"PH037110000";"4.48636102676392";4.49
"701";"PH051732000";"4.48636102676392";4.49
"702";"PH054118000";"4.48636102676392";4.49
"703";"PH072241000";"35.7846984863281";35.78
"704";"PH175913000";"4.48636102676392";4.49
"705";"PH045642000";"4.48636102676392";4.49
"706";"PH072242000";"35.7846984863281";35.78
"707";"PH086413000";"35.7846984863281";35.78
"708";"PH013315000";"4.48636102676392";4.49
"709";"PH031419000";"4.48636102676392";4.49
"710";"PH034925000";"4.48636102676392";4.49
"711";"PH083742000";"35.7846984863281";35.78
"712";"PH084818000";"35.7846984863281";35.78
"713";"PH166720000";"14.0964546203613";14.10
"714";"PH015534000";"4.48636102676392";4.49
"715";"PH054119000";"4.48636102676392";4.49
"716";"PH063040000";"35.7846984863281";35.78
"717";"PH086025000";"35.7846984863281";35.78
"718";"PH036918000";"4.48636102676392";4.49
"719";"PH041022000";"4.48636102676392";4.49
"720";"PH051733000";"4.48636102676392";4.49
"721";"PH060613000";"35.7846984863281";35.78
"722";"PH084819000";"35.7846984863281";35.78
"723";"PH168506000";"14.0964546203613";14.10
"724";"PH175110000";"4.48636102676392";4.49
"725";"PH175914000";"4.48636102676392";4.49
"726";"PH034926000";"4.48636102676392";4.49
"727";"PH086014000";"35.7846984863281";35.78
"728";"PH013316000";"4.48636102676392";4.49
"729";"PH041023000";"4.48636102676392";4.49
"730";"PH086414000";"35.7846984863281";35.78
"731";"PH082620000";"35.7846984863281";35.78
"732";"PH034927000";"4.48636102676392";4.49
"733";"PH067904000";"35.7846984863281";35.78
"734";"PH051604000";"4.48636102676392";4.49
"735";"PH035417000";"4.48636102676392";4.49
"736";"PH037708000";"4.48636102676392";4.49
"737";"PH041024000";"4.48636102676392";4.49
"738";"PH015535000";"4.48636102676392";4.49
"739";"PH036914000";"4.48636102676392";4.49
"740";"PH037111000";"4.48636102676392";4.49
"741";"PH045811000";"4.48636102676392";4.49
"742";"PH031421000";"4.48636102676392";4.49
"743";"PH052009000";"4.48636102676392";4.49
"744";"PH063041000";"35.7846984863281";35.78
"745";"PH071238000";"35.7846984863281";35.78
"746";"PH083743000";"35.7846984863281";35.78
"747";"PH133907000";"4.48636102676392";4.49
"748";"PH037112000";"4.48636102676392";4.49
"749";"PH045644000";"4.48636102676392";4.49
"750";"PH015536000";"4.48636102676392";4.49
"751";"PH041025000";"4.48636102676392";4.49
"752";"PH133904000";"4.48636102676392";4.49
"753";"PH043424000";"4.48636102676392";4.49
"754";"PH041026000";"4.48636102676392";4.49
"755";"PH054120000";"4.48636102676392";4.49
"756";"PH082621000";"35.7846984863281";35.78
"757";"PH015537000";"4.48636102676392";4.49
"758";"PH031422000";"4.48636102676392";4.49
"759";"PH063042000";"35.7846984863281";35.78
"760";"PH060614000";"35.7846984863281";35.78
"761";"PH072243000";"35.7846984863281";35.78
"762";"PH086415000";"35.7846984863281";35.78
"763";"PH084820000";"35.7846984863281";35.78
"764";"PH086015000";"35.7846984863281";35.78
"765";"PH035418000";"4.48636102676392";4.49
"766";"PH175213000";"4.48636102676392";4.49
"767";"PH051609000";"4.48636102676392";4.49
"768";"PH084821000";"35.7846984863281";35.78
"769";"PH035419000";"4.48636102676392";4.49
"770";"PH133914000";"4.48636102676392";4.49
"771";"PH015538000";"4.48636102676392";4.49
"772";"PH063043000";"35.7846984863281";35.78
"773";"PH037113000";"4.48636102676392";4.49
"774";"PH043426000";"4.48636102676392";4.49
"775";"PH133905000";"4.48636102676392";4.49
"776";"PH174005000";"4.48636102676392";4.49
"777";"PH175111000";"4.48636102676392";4.49
"778";"PH051610000";"4.48636102676392";4.49
"779";"PH025012000";"4.48636102676392";4.49
"780";"PH072244000";"35.7846984863281";35.78
"781";"PH083744000";"35.7846984863281";35.78
"782";"PH175915000";"4.48636102676392";4.49
"783";"PH036915000";"4.48636102676392";4.49
"784";"PH056215000";"4.48636102676392";4.49
"785";"PH086016000";"35.7846984863281";35.78
"786";"PH015539000";"4.48636102676392";4.49
"787";"PH031423000";"4.48636102676392";4.49
"788";"PH043427000";"4.48636102676392";4.49
"789";"PH175917000";"4.48636102676392";4.49
"790";"PH166721000";"14.0964546203613";14.10
"791";"PH035420000";"4.48636102676392";4.49
"792";"PH086017000";"35.7846984863281";35.78
"793";"PH034928000";"4.48636102676392";4.49
"794";"PH041027000";"4.48636102676392";4.49
"795";"PH034929000";"4.48636102676392";4.49
"796";"PH050516000";"4.48636102676392";4.49
"797";"PH086018000";"35.7846984863281";35.78
"798";"PH013317000";"4.48636102676392";4.49
"799";"PH015540000";"4.48636102676392";4.49
"800";"PH035421000";"4.48636102676392";4.49
"801";"PH041028000";"4.48636102676392";4.49
"802";"PH013318000";"4.48636102676392";4.49
"803";"PH061915000";"35.7846984863281";35.78
"804";"PH063044000";"35.7846984863281";35.78
"805";"PH045645000";"4.48636102676392";4.49
"806";"PH035422000";"4.48636102676392";4.49
"807";"PH034917000";"4.48636102676392";4.49
"808";"PH060615000";"35.7846984863281";35.78
"809";"PH060616000";"35.7846984863281";35.78
"810";"PH067905000";"35.7846984863281";35.78
"811";"PH061916000";"35.7846984863281";35.78
"812";"PH086416000";"35.7846984863281";35.78
"813";"PH042118000";"4.48636102676392";4.49
"814";"PH084822000";"35.7846984863281";35.78
"815";"PH043429000";"4.48636102676392";4.49
"816";"PH051734000";"4.48636102676392";4.49
"817";"PH051735000";"4.48636102676392";4.49
"818";"PH015541000";"4.48636102676392";4.49
"819";"PH175214000";"4.48636102676392";4.49
"820";"PH072247000";"35.7846984863281";35.78
"821";"PH086417000";"35.7846984863281";35.78
"822";"PH025013000";"4.48636102676392";4.49
"823";"PH015542000";"4.48636102676392";4.49
"824";"PH037114000";"4.48636102676392";4.49
"825";"PH013319000";"4.48636102676392";4.49
"826";"PH012931000";"4.48636102676392";4.49
"827";"PH082622000";"35.7846984863281";35.78
"828";"PH166724000";"14.0964546203613";14.10
"829";"PH012932000";"4.48636102676392";4.49
"830";"PH041029000";"4.48636102676392";4.49
"831";"PH083745000";"35.7846984863281";35.78
"832";"PH072248000";"35.7846984863281";35.78
"833";"PH083746000";"35.7846984863281";35.78
"834";"PH072249000";"35.7846984863281";35.78
"835";"PH083747000";"35.7846984863281";35.78
"836";"PH144410000";"4.48636102676392";4.49
"837";"PH082623000";"35.7846984863281";35.78
"838";"PH086024000";"35.7846984863281";35.78
"839";"PH042119000";"4.48636102676392";4.49
"840";"PH045646000";"4.48636102676392";4.49
"841";"PH012933000";"4.48636102676392";4.49
"842";"PH137607000";"4.48636102676392";4.49
"843";"PH086019000";"35.7846984863281";35.78
"844";"PH034930000";"4.48636102676392";4.49
"845";"PH071243000";"35.7846984863281";35.78
"846";"PH041030000";"4.48636102676392";4.49
"847";"PH051611000";"4.48636102676392";4.49
"848";"PH034931000";"4.48636102676392";4.49
"849";"PH083748000";"35.7846984863281";35.78
"850";"PH045812000";"4.48636102676392";4.49
"851";"PH060417000";"35.7846984863281";35.78
"852";"PH042120000";"4.48636102676392";4.49
"853";"PH061917000";"35.7846984863281";35.78
"854";"PH086020000";"35.7846984863281";35.78
"855";"PH041032000";"4.48636102676392";4.49
"856";"PH045813000";"4.48636102676392";4.49
"857";"PH175320000";"4.48636102676392";4.49
"858";"PH015543000";"4.48636102676392";4.49
"859";"PH045814000";"4.48636102676392";4.49
"860";"PH042121000";"4.48636102676392";4.49
"861";"PH045648000";"4.48636102676392";4.49
"862";"PH060617000";"35.7846984863281";35.78
"863";"PH051736000";"4.48636102676392";4.49
"864";"PH063045000";"35.7846984863281";35.78
"865";"PH051737000";"4.48636102676392";4.49
"866";"PH041033000";"4.48636102676392";4.49
"867";"PH142710000";"4.48636102676392";4.49
"868";"PH050518000";"4.48636102676392";4.49
"869";"PH060607000";"35.7846984863281";35.78
"870";"PH072251000";"35.7846984863281";35.78
"871";"PH083749000";"35.7846984863281";35.78
"872";"PH086418000";"35.7846984863281";35.78
"873";"PH133901000";"4.48636102676392";4.49
"874";"PH174006000";"4.48636102676392";4.49
"875";"PH042122000";"4.48636102676392";4.49
"876";"PH071244000";"35.7846984863281";35.78
"877";"PH141113000";"4.48636102676392";4.49
"878";"PH168507000";"14.0964546203613";14.10
"879";"PH013320000";"4.48636102676392";4.49
"880";"PH141114000";"4.48636102676392";4.49
"881";"PH063046000";"35.7846984863281";35.78
"882";"PH072252000";"35.7846984863281";35.78
"883";"PH072253000";"35.7846984863281";35.78
"884";"PH083750000";"35.7846984863281";35.78
"885";"PH041034000";"4.48636102676392";4.49
"886";"PH071246000";"35.7846984863281";35.78
"887";"PH015544000";"4.48636102676392";4.49
"888";"PH045649000";"4.48636102676392";4.49
"889";"PH015545000";"4.48636102676392";4.49
"890";"PH054121000";"4.48636102676392";4.49
"891";"PH060618000";"35.7846984863281";35.78
"892";"PH036917000";"4.48636102676392";4.49
"893";"PH043430000";"4.48636102676392";4.49
"894";"PH084823000";"35.7846984863281";35.78
"895";"PH175215000";"4.48636102676392";4.49
"896";"PH052010000";"4.48636102676392";4.49
"897";"PH083751000";"35.7846984863281";35.78
"898";"PH086021000";"35.7846984863281";35.78
"899";"PH015547000";"4.48636102676392";4.49
"900";"PH025014000";"4.48636102676392";4.49
"901";"PH051612000";"4.48636102676392";4.49
"902";"PH052011000";"4.48636102676392";4.49
"903";"PH034932000";"4.48636102676392";4.49
"904";"PH063047000";"35.7846984863281";35.78
"905";"PH086023000";"35.7846984863281";35.78
"906";"PH012801000";"4.48636102676392";4.49
"907";"PH142708000";"4.48636102676392";4.49
"908";"PH071201000";"35.7846984863281";35.78
"909";"PH021502000";"4.48636102676392";4.49
"910";"PH072201000";"35.7846984863281";35.78
"911";"PH072202000";"35.7846984863281";35.78
"912";"PH072203000";"35.7846984863281";35.78
"913";"PH166701000";"14.0964546203613";14.10
"914";"PH142707000";"4.48636102676392";4.49
"915";"PH023101000";"4.48636102676392";4.49
"916";"PH071202000";"35.7846984863281";35.78
"917";"PH021503000";"4.48636102676392";4.49
"918";"PH021504000";"4.48636102676392";4.49
"919";"PH071203000";"35.7846984863281";35.78
"920";"PH023102000";"4.48636102676392";4.49
"921";"PH071204000";"35.7846984863281";35.78
"922";"PH072205000";"35.7846984863281";35.78
"923";"PH023103000";"4.48636102676392";4.49
"924";"PH012802000";"4.48636102676392";4.49
"925";"PH071205000";"35.7846984863281";35.78
"926";"PH166702000";"14.0964546203613";14.10
"927";"PH072207000";"35.7846984863281";35.78
"928";"PH012803000";"4.48636102676392";4.49
"929";"PH021506000";"4.48636102676392";4.49
"930";"PH143201000";"4.48636102676392";4.49
"931";"PH071206000";"35.7846984863281";35.78
"932";"PH104303000";"14.0964546203613";14.10
"933";"PH021507000";"4.48636102676392";4.49
"934";"PH142701000";"4.48636102676392";4.49
"935";"PH012902000";"4.48636102676392";4.49
"936";"PH140101000";"4.48636102676392";4.49
"937";"PH012804000";"4.48636102676392";4.49
"938";"PH012811000";"4.48636102676392";4.49
"939";"PH012903000";"4.48636102676392";4.49
"940";"PH144401000";"4.48636102676392";4.49
"941";"PH166801000";"14.0964546203613";14.10
"942";"PH071207000";"35.7846984863281";35.78
"943";"PH166802000";"14.0964546203613";14.10
"944";"PH023104000";"4.48636102676392";4.49
"945";"PH144403000";"4.48636102676392";4.49
"946";"PH071208000";"35.7846984863281";35.78
"947";"PH104304000";"14.0964546203613";14.10
"948";"PH140102000";"4.48636102676392";4.49
"949";"PH072212000";"35.7846984863281";35.78
"950";"PH144404000";"4.48636102676392";4.49
"951";"PH140103000";"4.48636102676392";4.49
"952";"PH140104000";"4.48636102676392";4.49
"953";"PH160201000";"14.0964546203613";14.10
"954";"PH012806000";"4.48636102676392";4.49
"955";"PH012904000";"4.48636102676392";4.49
"956";"PH023105000";"4.48636102676392";4.49
"957";"PH160202000";"14.0964546203613";14.10
"958";"PH023106000";"4.48636102676392";4.49
"959";"PH023107000";"4.48636102676392";4.49
"960";"PH012905000";"4.48636102676392";4.49
"961";"PH166804000";"14.0964546203613";14.10
"962";"PH148101000";"4.48636102676392";4.49
"963";"PH071210000";"35.7846984863281";35.78
"964";"PH071211000";"35.7846984863281";35.78
"965";"PH166805000";"14.0964546203613";14.10
"966";"PH012907000";"4.48636102676392";4.49
"967";"PH012807000";"4.48636102676392";4.49
"968";"PH071212000";"35.7846984863281";35.78
"969";"PH160204000";"14.0964546203613";14.10
"970";"PH166806000";"14.0964546203613";14.10
"971";"PH166807000";"14.0964546203613";14.10
"972";"PH101801000";"14.0964546203613";14.10
"973";"PH071213000";"35.7846984863281";35.78
"974";"PH012805000";"4.48636102676392";4.49
"975";"PH160301000";"14.0964546203613";14.10
"976";"PH160203000";"14.0964546203613";14.10
"977";"PH012906000";"4.48636102676392";4.49
"978";"PH023108000";"4.48636102676392";4.49
"979";"PH143213000";"4.48636102676392";4.49
"980";"PH166819000";"14.0964546203613";14.10
"981";"PH012934000";"4.48636102676392";4.49
"982";"PH071214000";"35.7846984863281";35.78
"983";"PH166706000";"14.0964546203613";14.10
"984";"PH104306000";"14.0964546203613";14.10
"985";"PH148102000";"4.48636102676392";4.49
"986";"PH071215000";"35.7846984863281";35.78
"987";"PH071216000";"35.7846984863281";35.78
"988";"PH166808000";"14.0964546203613";14.10
"989";"PH012808000";"4.48636102676392";4.49
"990";"PH071217000";"35.7846984863281";35.78
"991";"PH140105000";"4.48636102676392";4.49
"992";"PH072222000";"35.7846984863281";35.78
"993";"PH071218000";"35.7846984863281";35.78
"994";"PH140106000";"4.48636102676392";4.49
"995";"PH071219000";"35.7846984863281";35.78
"996";"PH023118000";"4.48636102676392";4.49
"997";"PH071220000";"35.7846984863281";35.78
"998";"PH023110000";"4.48636102676392";4.49
"999";"PH012809000";"4.48636102676392";4.49
"1000";"PH023111000";"4.48636102676392";4.49
"1001";"PH140107000";"4.48636102676392";4.49
"1002";"PH071221000";"35.7846984863281";35.78
"1003";"PH012810000";"4.48636102676392";4.49
"1004";"PH072224000";"35.7846984863281";35.78
"1005";"PH021512000";"4.48636102676392";4.49
"1006";"PH076101000";"35.7846984863281";35.78
"1007";"PH160303000";"14.0964546203613";14.10
"1008";"PH148103000";"4.48636102676392";4.49
"1009";"PH012909000";"4.48636102676392";4.49
"1010";"PH023113000";"4.48636102676392";4.49
"1011";"PH071222000";"35.7846984863281";35.78
"1012";"PH021513000";"4.48636102676392";4.49
"1013";"PH166711000";"14.0964546203613";14.10
"1014";"PH072225000";"35.7846984863281";35.78
"1015";"PH104308000";"14.0964546203613";14.10
"1016";"PH012910000";"4.48636102676392";4.49
"1017";"PH071223000";"35.7846984863281";35.78
"1018";"PH101802000";"14.0964546203613";14.10
"1019";"PH166809000";"14.0964546203613";14.10
"1020";"PH021515000";"4.48636102676392";4.49
"1021";"PH023114000";"4.48636102676392";4.49
"1022";"PH160205000";"14.0964546203613";14.10
"1023";"PH071225000";"35.7846984863281";35.78
"1024";"PH148104000";"4.48636102676392";4.49
"1025";"PH104312000";"14.0964546203613";14.10
"1026";"PH160206000";"14.0964546203613";14.10
"1027";"PH140108000";"4.48636102676392";4.49
"1028";"PH140109000";"4.48636102676392";4.49
"1029";"PH140110000";"4.48636102676392";4.49
"1030";"PH140111000";"4.48636102676392";4.49
"1031";"PH104313000";"14.0964546203613";14.10
"1032";"PH021516000";"4.48636102676392";4.49
"1033";"PH140112000";"4.48636102676392";4.49
"1034";"PH166810000";"14.0964546203613";14.10
"1035";"PH012812000";"4.48636102676392";4.49
"1036";"PH076102000";"35.7846984863281";35.78
"1037";"PH160207000";"14.0964546203613";14.10
"1038";"PH021517000";"4.48636102676392";4.49
"1039";"PH076103000";"35.7846984863281";35.78
"1040";"PH166811000";"14.0964546203613";14.10
"1041";"PH140113000";"4.48636102676392";4.49
"1042";"PH012911000";"4.48636102676392";4.49
"1043";"PH071227000";"35.7846984863281";35.78
"1044";"PH071228000";"35.7846984863281";35.78
"1045";"PH071229000";"35.7846984863281";35.78
"1046";"PH071230000";"35.7846984863281";35.78
"1047";"PH140114000";"4.48636102676392";4.49
"1048";"PH143206000";"4.48636102676392";4.49
"1049";"PH023116000";"4.48636102676392";4.49
"1050";"PH148105000";"4.48636102676392";4.49
"1051";"PH071231000";"35.7846984863281";35.78
"1052";"PH023117000";"4.48636102676392";4.49
"1053";"PH166813000";"14.0964546203613";14.10
"1054";"PH160208000";"14.0964546203613";14.10
"1055";"PH104317000";"14.0964546203613";14.10
"1056";"PH012912000";"4.48636102676392";4.49
"1057";"PH101803000";"14.0964546203613";14.10
"1058";"PH166714000";"14.0964546203613";14.10
"1059";"PH072229000";"35.7846984863281";35.78
"1060";"PH140115000";"4.48636102676392";4.49
"1061";"PH166715000";"14.0964546203613";14.10
"1062";"PH023119000";"4.48636102676392";4.49
"1063";"PH101804000";"14.0964546203613";14.10
"1064";"PH140116000";"4.48636102676392";4.49
"1065";"PH012813000";"4.48636102676392";4.49
"1066";"PH076104000";"35.7846984863281";35.78
"1067";"PH071232000";"35.7846984863281";35.78
"1068";"PH166814000";"14.0964546203613";14.10
"1069";"PH104319000";"14.0964546203613";14.10
"1070";"PH072233000";"35.7846984863281";35.78
"1071";"PH012913000";"4.48636102676392";4.49
"1072";"PH023120000";"4.48636102676392";4.49
"1073";"PH012914000";"4.48636102676392";4.49
"1074";"PH160209000";"14.0964546203613";14.10
"1075";"PH144405000";"4.48636102676392";4.49
"1076";"PH012814000";"4.48636102676392";4.49
"1077";"PH072235000";"35.7846984863281";35.78
"1078";"PH012815000";"4.48636102676392";4.49
"1079";"PH023121000";"4.48636102676392";4.49
"1080";"PH071233000";"35.7846984863281";35.78
"1081";"PH012816000";"4.48636102676392";4.49
"1082";"PH144406000";"4.48636102676392";4.49
"1083";"PH143208000";"4.48636102676392";4.49
"1084";"PH012817000";"4.48636102676392";4.49
"1085";"PH021519000";"4.48636102676392";4.49
"1086";"PH140117000";"4.48636102676392";4.49
"1087";"PH021520000";"4.48636102676392";4.49
"1088";"PH012818000";"4.48636102676392";4.49
"1089";"PH140118000";"4.48636102676392";4.49
"1090";"PH071234000";"35.7846984863281";35.78
"1091";"PH140119000";"4.48636102676392";4.49
"1092";"PH012819000";"4.48636102676392";4.49
"1093";"PH143209000";"4.48636102676392";4.49
"1094";"PH166717000";"14.0964546203613";14.10
"1095";"PH160306000";"14.0964546203613";14.10
"1096";"PH148106000";"4.48636102676392";4.49
"1097";"PH023122000";"4.48636102676392";4.49
"1098";"PH012915000";"4.48636102676392";4.49
"1099";"PH023123000";"4.48636102676392";4.49
"1100";"PH023124000";"4.48636102676392";4.49
"1101";"PH023125000";"4.48636102676392";4.49
"1102";"PH160212000";"14.0964546203613";14.10
"1103";"PH021521000";"4.48636102676392";4.49
"1104";"PH143211000";"4.48636102676392";4.49
"1105";"PH072239000";"35.7846984863281";35.78
"1106";"PH160307000";"14.0964546203613";14.10
"1107";"PH023126000";"4.48636102676392";4.49
"1108";"PH144408000";"4.48636102676392";4.49
"1109";"PH144409000";"4.48636102676392";4.49
"1110";"PH101805000";"14.0964546203613";14.10
"1111";"PH071236000";"35.7846984863281";35.78
"1112";"PH104322000";"14.0964546203613";14.10
"1113";"PH012916000";"4.48636102676392";4.49
"1114";"PH140120000";"4.48636102676392";4.49
"1115";"PH072240000";"35.7846984863281";35.78
"1116";"PH166815000";"14.0964546203613";14.10
"1117";"PH012917000";"4.48636102676392";4.49
"1118";"PH012918000";"4.48636102676392";4.49
"1119";"PH160308000";"14.0964546203613";14.10
"1120";"PH166719000";"14.0964546203613";14.10
"1121";"PH023128000";"4.48636102676392";4.49
"1122";"PH012919000";"4.48636102676392";4.49
"1123";"PH023129000";"4.48636102676392";4.49
"1124";"PH071237000";"35.7846984863281";35.78
"1125";"PH140121000";"4.48636102676392";4.49
"1126";"PH012920000";"4.48636102676392";4.49
"1127";"PH076105000";"35.7846984863281";35.78
"1128";"PH140122000";"4.48636102676392";4.49
"1129";"PH160309000";"14.0964546203613";14.10
"1130";"PH023130000";"4.48636102676392";4.49
"1131";"PH023131000";"4.48636102676392";4.49
"1132";"PH023132000";"4.48636102676392";4.49
"1133";"PH166816000";"14.0964546203613";14.10
"1134";"PH012820000";"4.48636102676392";4.49
"1135";"PH023133000";"4.48636102676392";4.49
"1136";"PH140123000";"4.48636102676392";4.49
"1137";"PH012921000";"4.48636102676392";4.49
"1138";"PH012922000";"4.48636102676392";4.49
"1139";"PH012923000";"4.48636102676392";4.49
"1140";"PH012924000";"4.48636102676392";4.49
"1141";"PH012925000";"4.48636102676392";4.49
"1142";"PH148107000";"4.48636102676392";4.49
"1143";"PH012926000";"4.48636102676392";4.49
"1144";"PH023134000";"4.48636102676392";4.49
"1145";"PH021524000";"4.48636102676392";4.49
"1146";"PH072245000";"35.7846984863281";35.78
"1147";"PH012927000";"4.48636102676392";4.49
"1148";"PH160210000";"14.0964546203613";14.10
"1149";"PH012928000";"4.48636102676392";4.49
"1150";"PH021526000";"4.48636102676392";4.49
"1151";"PH023136000";"4.48636102676392";4.49
"1152";"PH012821000";"4.48636102676392";4.49
"1153";"PH071239000";"35.7846984863281";35.78
"1154";"PH160314000";"14.0964546203613";14.10
"1155";"PH072246000";"35.7846984863281";35.78
"1156";"PH071240000";"35.7846984863281";35.78
"1157";"PH012929000";"4.48636102676392";4.49
"1158";"PH071241000";"35.7846984863281";35.78
"1159";"PH012930000";"4.48636102676392";4.49
"1160";"PH076106000";"35.7846984863281";35.78
"1161";"PH166722000";"14.0964546203613";14.10
"1162";"PH166723000";"14.0964546203613";14.10
"1163";"PH021527000";"4.48636102676392";4.49
"1164";"PH012822000";"4.48636102676392";4.49
"1165";"PH104323000";"14.0964546203613";14.10
"1166";"PH166725000";"14.0964546203613";14.10
"1167";"PH071242000";"35.7846984863281";35.78
"1168";"PH166817000";"14.0964546203613";14.10
"1169";"PH166818000";"14.0964546203613";14.10
"1170";"PH160311000";"14.0964546203613";14.10
"1171";"PH104325000";"14.0964546203613";14.10
"1172";"PH143214000";"4.48636102676392";4.49
"1173";"PH140124000";"4.48636102676392";4.49
"1174";"PH140125000";"4.48636102676392";4.49
"1175";"PH143215000";"4.48636102676392";4.49
"1176";"PH021528000";"4.48636102676392";4.49
"1177";"PH160211000";"14.0964546203613";14.10
"1178";"PH071245000";"35.7846984863281";35.78
"1179";"PH140126000";"4.48636102676392";4.49
"1180";"PH166727000";"14.0964546203613";14.10
"1181";"PH021529000";"4.48636102676392";4.49
"1182";"PH023137000";"4.48636102676392";4.49
"1183";"PH071247000";"35.7846984863281";35.78
"1184";"PH140127000";"4.48636102676392";4.49
"1185";"PH012823000";"4.48636102676392";4.49
"1186";"PH175301000";"4.48636102676392";4.49
"1187";"PH021501000";"4.48636102676392";4.49
"1188";"PH150708000";"14.0964546203613";14.10
"1189";"PH150709000";"14.0964546203613";14.10
"1190";"PH128001000";"14.0964546203613";14.10
"1191";"PH124701000";"14.0964546203613";14.10
"1192";"PH124717000";"14.0964546203613";14.10
"1193";"PH098301000";"14.0964546203613";14.10
"1194";"PH104201000";"14.0964546203613";14.10
"1195";"PH104301000";"14.0964546203613";14.10
"1196";"PH153801000";"14.0964546203613";14.10
"1197";"PH124715000";"14.0964546203613";14.10
"1198";"PH021505000";"4.48636102676392";4.49
"1199";"PH175303000";"4.48636102676392";4.49
"1200";"PH124718000";"14.0964546203613";14.10
"1201";"PH112301000";"14.0964546203613";14.10
"1202";"PH097302000";"14.0964546203613";14.10
"1203";"PH103501000";"14.0964546203613";14.10
"1204";"PH153601000";"14.0964546203613";14.10
"1205";"PH097226000";"14.0964546203613";14.10
"1206";"PH112501000";"14.0964546203613";14.10
"1207";"PH126501000";"14.0964546203613";14.10
"1208";"PH153602000";"14.0964546203613";14.10
"1209";"PH104202000";"14.0964546203613";14.10
"1210";"PH097224000";"14.0964546203613";14.10
"1211";"PH153603000";"14.0964546203613";14.10
"1212";"PH104302000";"14.0964546203613";14.10
"1213";"PH103502000";"14.0964546203613";14.10
"1214";"PH112502000";"14.0964546203613";14.10
"1215";"PH126302000";"14.0964546203613";14.10
"1216";"PH124716000";"14.0964546203613";14.10
"1217";"PH112401000";"14.0964546203613";14.10
"1218";"PH153818000";"14.0964546203613";14.10
"1219";"PH103503000";"14.0964546203613";14.10
"1220";"PH175305000";"4.48636102676392";4.49
"1221";"PH101301000";"14.0964546203613";14.10
"1222";"PH153604000";"14.0964546203613";14.10
"1223";"PH097303000";"14.0964546203613";14.10
"1224";"PH153605000";"14.0964546203613";14.10
"1225";"PH104203000";"14.0964546203613";14.10
"1226";"PH112503000";"14.0964546203613";14.10
"1227";"PH112323000";"14.0964546203613";14.10
"1228";"PH175306000";"4.48636102676392";4.49
"1229";"PH153633000";"14.0964546203613";14.10
"1230";"PH153606000";"14.0964546203613";14.10
"1231";"PH021508000";"4.48636102676392";4.49
"1232";"PH153802000";"14.0964546203613";14.10
"1233";"PH153803000";"14.0964546203613";14.10
"1234";"PH153637000";"14.0964546203613";14.10
"1235";"PH160302000";"14.0964546203613";14.10
"1236";"PH153607000";"14.0964546203613";14.10
"1237";"PH098302000";"14.0964546203613";14.10
"1238";"PH101322000";"14.0964546203613";14.10
"1239";"PH104305000";"14.0964546203613";14.10
"1240";"PH104204000";"14.0964546203613";14.10
"1241";"PH153632000";"14.0964546203613";14.10
"1242";"PH021509000";"4.48636102676392";4.49
"1243";"PH021510000";"4.48636102676392";4.49
"1244";"PH112504000";"14.0964546203613";14.10
"1245";"PH112303000";"14.0964546203613";14.10
"1246";"PH124702000";"14.0964546203613";14.10
"1247";"PH112505000";"14.0964546203613";14.10
"1248";"PH166803000";"14.0964546203613";14.10
"1249";"PH112403000";"14.0964546203613";14.10
"1250";"PH104307000";"14.0964546203613";14.10
"1251";"PH099701000";"14.0964546203613";14.10
"1252";"PH124704000";"14.0964546203613";14.10
"1253";"PH126306000";"14.0964546203613";14.10
"1254";"PH150702000";"14.0964546203613";14.10
"1255";"PH101312000";"14.0964546203613";14.10
"1256";"PH112509000";"14.0964546203613";14.10
"1257";"PH112315000";"14.0964546203613";14.10
"1258";"PH126511000";"14.0964546203613";14.10
"1259";"PH112319000";"14.0964546203613";14.10
"1260";"PH101321000";"14.0964546203613";14.10
"1261";"PH104205000";"14.0964546203613";14.10
"1262";"PH021511000";"4.48636102676392";4.49
"1263";"PH126502000";"14.0964546203613";14.10
"1264";"PH118201000";"14.0964546203613";14.10
"1265";"PH104206000";"14.0964546203613";14.10
"1266";"PH129804000";"14.0964546203613";14.10
"1267";"PH101302000";"14.0964546203613";14.10
"1268";"PH101303000";"14.0964546203613";14.10
"1269";"PH097201000";"14.0964546203613";14.10
"1270";"PH153828000";"14.0964546203613";14.10
"1271";"PH153831000";"14.0964546203613";14.10
"1272";"PH153830000";"14.0964546203613";14.10
"1273";"PH153835000";"14.0964546203613";14.10
"1274";"PH153807000";"14.0964546203613";14.10
"1275";"PH153805000";"14.0964546203613";14.10
"1276";"PH153806000";"14.0964546203613";14.10
"1277";"PH153836000";"14.0964546203613";14.10
"1278";"PH153826000";"14.0964546203613";14.10
"1279";"PH153827000";"14.0964546203613";14.10
"1280";"PH112402000";"14.0964546203613";14.10
"1281";"PH097305000";"14.0964546203613";14.10
"1282";"PH097306000";"14.0964546203613";14.10
"1283";"PH098303000";"14.0964546203613";14.10
"1284";"PH097202000";"14.0964546203613";14.10
"1285";"PH153624000";"14.0964546203613";14.10
"1286";"PH101304000";"14.0964546203613";14.10
"1287";"PH118601000";"14.0964546203613";14.10
"1288";"PH104217000";"14.0964546203613";14.10
"1289";"PH097307000";"14.0964546203613";14.10
"1290";"PH175311000";"4.48636102676392";4.49
"1291";"PH097308000";"14.0964546203613";14.10
"1292";"PH126503000";"14.0964546203613";14.10
"1293";"PH153609000";"14.0964546203613";14.10
"1294";"PH153819000";"14.0964546203613";14.10
"1295";"PH126303000";"14.0964546203613";14.10
"1296";"PH104309000";"14.0964546203613";14.10
"1297";"PH128002000";"14.0964546203613";14.10
"1298";"PH097225000";"14.0964546203613";14.10
"1299";"PH021514000";"4.48636102676392";4.49
"1300";"PH112506000";"14.0964546203613";14.10
"1301";"PH153825000";"14.0964546203613";14.10
"1302";"PH097343000";"14.0964546203613";14.10
"1303";"PH097223000";"14.0964546203613";14.10
"1304";"PH150710000";"14.0964546203613";14.10
"1305";"PH150712000";"14.0964546203613";14.10
"1306";"PH112404000";"14.0964546203613";14.10
"1307";"PH103504000";"14.0964546203613";14.10
"1308";"PH098304000";"14.0964546203613";14.10
"1309";"PH101305000";"14.0964546203613";14.10
"1310";"PH104310000";"14.0964546203613";14.10
"1311";"PH098305000";"14.0964546203613";14.10
"1312";"PH112317000";"14.0964546203613";14.10
"1313";"PH126504000";"14.0964546203613";14.10
"1314";"PH104311000";"14.0964546203613";14.10
"1315";"PH104207000";"14.0964546203613";14.10
"1316";"PH118602000";"14.0964546203613";14.10
"1317";"PH097222000";"14.0964546203613";14.10
"1318";"PH097337000";"14.0964546203613";14.10
"1319";"PH124703000";"14.0964546203613";14.10
"1320";"PH098306000";"14.0964546203613";14.10
"1321";"PH153814000";"14.0964546203613";14.10
"1322";"PH101306000";"14.0964546203613";14.10
"1323";"PH126505000";"14.0964546203613";14.10
"1324";"PH097227000";"14.0964546203613";14.10
"1325";"PH175321000";"4.48636102676392";4.49
"1326";"PH101307000";"14.0964546203613";14.10
"1327";"PH153610000";"14.0964546203613";14.10
"1328";"PH112305000";"14.0964546203613";14.10
"1329";"PH103505000";"14.0964546203613";14.10
"1330";"PH153639000";"14.0964546203613";14.10
"1331";"PH097203000";"14.0964546203613";14.10
"1332";"PH103507000";"14.0964546203613";14.10
"1333";"PH128003000";"14.0964546203613";14.10
"1334";"PH101308000";"14.0964546203613";14.10
"1335";"PH112406000";"14.0964546203613";14.10
"1336";"PH101309000";"14.0964546203613";14.10
"1337";"PH103508000";"14.0964546203613";14.10
"1338";"PH097311000";"14.0964546203613";14.10
"1339";"PH097204000";"14.0964546203613";14.10
"1340";"PH160304000";"14.0964546203613";14.10
"1341";"PH118202000";"14.0964546203613";14.10
"1342";"PH097312000";"14.0964546203613";14.10
"1343";"PH097205000";"14.0964546203613";14.10
"1344";"PH104314000";"14.0964546203613";14.10
"1345";"PH126319000";"14.0964546203613";14.10
"1346";"PH097333000";"14.0964546203613";14.10
"1347";"PH103509000";"14.0964546203613";14.10
"1348";"PH126508000";"14.0964546203613";14.10
"1349";"PH101310000";"14.0964546203613";14.10
"1350";"PH150703000";"14.0964546203613";14.10
"1351";"PH097313000";"14.0964546203613";14.10
"1352";"PH126506000";"14.0964546203613";14.10
"1353";"PH104315000";"14.0964546203613";14.10
"1354";"PH101311000";"14.0964546203613";14.10
"1355";"PH124705000";"14.0964546203613";14.10
"1356";"PH097206000";"14.0964546203613";14.10
"1357";"PH103510000";"14.0964546203613";14.10
"1358";"PH166812000";"14.0964546203613";14.10
"1359";"PH104208000";"14.0964546203613";14.10
"1360";"PH160305000";"14.0964546203613";14.10
"1361";"PH104316000";"14.0964546203613";14.10
"1362";"PH153611000";"14.0964546203613";14.10
"1363";"PH153641000";"14.0964546203613";14.10
"1364";"PH153612000";"14.0964546203613";14.10
"1365";"PH153636000";"14.0964546203613";14.10
"1366";"PH112507000";"14.0964546203613";14.10
"1367";"PH126507000";"14.0964546203613";14.10
"1368";"PH124710000";"14.0964546203613";14.10
"1369";"PH128004000";"14.0964546203613";14.10
"1370";"PH118203000";"14.0964546203613";14.10
"1371";"PH098307000";"14.0964546203613";14.10
"1372";"PH118204000";"14.0964546203613";14.10
"1373";"PH153613000";"14.0964546203613";14.10
"1374";"PH153614000";"14.0964546203613";14.10
"1375";"PH124706000";"14.0964546203613";14.10
"1376";"PH103511000";"14.0964546203613";14.10
"1377";"PH112407000";"14.0964546203613";14.10
"1378";"PH153634000";"14.0964546203613";14.10
"1379";"PH097315000";"14.0964546203613";14.10
"1380";"PH103512000";"14.0964546203613";14.10
"1381";"PH128005000";"14.0964546203613";14.10
"1382";"PH124707000";"14.0964546203613";14.10
"1383";"PH153615000";"14.0964546203613";14.10
"1384";"PH112408000";"14.0964546203613";14.10
"1385";"PH098308000";"14.0964546203613";14.10
"1386";"PH128006000";"14.0964546203613";14.10
"1387";"PH118603000";"14.0964546203613";14.10
"1388";"PH101313000";"14.0964546203613";14.10
"1389";"PH128007000";"14.0964546203613";14.10
"1390";"PH153820000";"14.0964546203613";14.10
"1391";"PH112508000";"14.0964546203613";14.10
"1392";"PH153832000";"14.0964546203613";14.10
"1393";"PH101314000";"14.0964546203613";14.10
"1394";"PH104318000";"14.0964546203613";14.10
"1395";"PH097207000";"14.0964546203613";14.10
"1396";"PH118205000";"14.0964546203613";14.10
"1397";"PH101315000";"14.0964546203613";14.10
"1398";"PH153616000";"14.0964546203613";14.10
"1399";"PH153617000";"14.0964546203613";14.10
"1400";"PH097317000";"14.0964546203613";14.10
"1401";"PH153631000";"14.0964546203613";14.10
"1402";"PH153618000";"14.0964546203613";14.10
"1403";"PH124708000";"14.0964546203613";14.10
"1404";"PH112410000";"14.0964546203613";14.10
"1405";"PH153809000";"14.0964546203613";14.10
"1406";"PH103513000";"14.0964546203613";14.10
"1407";"PH118206000";"14.0964546203613";14.10
"1408";"PH097318000";"14.0964546203613";14.10
"1409";"PH124709000";"14.0964546203613";14.10
"1410";"PH097319000";"14.0964546203613";14.10
"1411";"PH118207000";"14.0964546203613";14.10
"1412";"PH118208000";"14.0964546203613";14.10
"1413";"PH153619000";"14.0964546203613";14.10
"1414";"PH103514000";"14.0964546203613";14.10
"1415";"PH097208000";"14.0964546203613";14.10
"1416";"PH104320000";"14.0964546203613";14.10
"1417";"PH118209000";"14.0964546203613";14.10
"1418";"PH098309000";"14.0964546203613";14.10
"1419";"PH175315000";"4.48636102676392";4.49
"1420";"PH118210000";"14.0964546203613";14.10
"1421";"PH112314000";"14.0964546203613";14.10
"1422";"PH126311000";"14.0964546203613";14.10
"1423";"PH153834000";"14.0964546203613";14.10
"1424";"PH103515000";"14.0964546203613";14.10
"1425";"PH098310000";"14.0964546203613";14.10
"1426";"PH104321000";"14.0964546203613";14.10
"1427";"PH104209000";"14.0964546203613";14.10
"1428";"PH104210000";"14.0964546203613";14.10
"1429";"PH112411000";"14.0964546203613";14.10
"1430";"PH097322000";"14.0964546203613";14.10
"1431";"PH153822000";"14.0964546203613";14.10
"1432";"PH153810000";"14.0964546203613";14.10
"1433";"PH153620000";"14.0964546203613";14.10
"1434";"PH153823000";"14.0964546203613";14.10
"1435";"PH126509000";"14.0964546203613";14.10
"1436";"PH021518000";"4.48636102676392";4.49
"1437";"PH104211000";"14.0964546203613";14.10
"1438";"PH153833000";"14.0964546203613";14.10
"1439";"PH101316000";"14.0964546203613";14.10
"1440";"PH103516000";"14.0964546203613";14.10
"1441";"PH103523000";"14.0964546203613";14.10
"1442";"PH118211000";"14.0964546203613";14.10
"1443";"PH153811000";"14.0964546203613";14.10
"1444";"PH098311000";"14.0964546203613";14.10
"1445";"PH153621000";"14.0964546203613";14.10
"1446";"PH153635000";"14.0964546203613";14.10
"1447";"PH124711000";"14.0964546203613";14.10
"1448";"PH124712000";"14.0964546203613";14.10
"1449";"PH097209000";"14.0964546203613";14.10
"1450";"PH097338000";"14.0964546203613";14.10
"1451";"PH104212000";"14.0964546203613";14.10
"1452";"PH097210000";"14.0964546203613";14.10
"1453";"PH126312000";"14.0964546203613";14.10
"1454";"PH153622000";"14.0964546203613";14.10
"1455";"PH103517000";"14.0964546203613";14.10
"1456";"PH097211000";"14.0964546203613";14.10
"1457";"PH126510000";"14.0964546203613";14.10
"1458";"PH124713000";"14.0964546203613";14.10
"1459";"PH153623000";"14.0964546203613";14.10
"1460";"PH175316000";"4.48636102676392";4.49
"1461";"PH101317000";"14.0964546203613";14.10
"1462";"PH175317000";"4.48636102676392";4.49
"1463";"PH153829000";"14.0964546203613";14.10
"1464";"PH097323000";"14.0964546203613";14.10
"1465";"PH097212000";"14.0964546203613";14.10
"1466";"PH175323000";"4.48636102676392";4.49
"1467";"PH098312000";"14.0964546203613";14.10
"1468";"PH175318000";"4.48636102676392";4.49
"1469";"PH153625000";"14.0964546203613";14.10
"1470";"PH097213000";"14.0964546203613";14.10
"1471";"PH103518000";"14.0964546203613";14.10
"1472";"PH101318000";"14.0964546203613";14.10
"1473";"PH112324000";"14.0964546203613";14.10
"1474";"PH112510000";"14.0964546203613";14.10
"1475";"PH097324000";"14.0964546203613";14.10
"1476";"PH097325000";"14.0964546203613";14.10
"1477";"PH175319000";"4.48636102676392";4.49
"1478";"PH021522000";"4.48636102676392";4.49
"1479";"PH021523000";"4.48636102676392";4.49
"1480";"PH112412000";"14.0964546203613";14.10
"1481";"PH160310000";"14.0964546203613";14.10
"1482";"PH118604000";"14.0964546203613";14.10
"1483";"PH021525000";"4.48636102676392";4.49
"1484";"PH126318000";"14.0964546203613";14.10
"1485";"PH112318000";"14.0964546203613";14.10
"1486";"PH103519000";"14.0964546203613";14.10
"1487";"PH104213000";"14.0964546203613";14.10
"1488";"PH118605000";"14.0964546203613";14.10
"1489";"PH126512000";"14.0964546203613";14.10
"1490";"PH097214000";"14.0964546203613";14.10
"1491";"PH153808000";"14.0964546203613";14.10
"1492";"PH153837000";"14.0964546203613";14.10
"1493";"PH098313000";"14.0964546203613";14.10
"1494";"PH097215000";"14.0964546203613";14.10
"1495";"PH097216000";"14.0964546203613";14.10
"1496";"PH097217000";"14.0964546203613";14.10
"1497";"PH104214000";"14.0964546203613";14.10
"1498";"PH097218000";"14.0964546203613";14.10
"1499";"PH097219000";"14.0964546203613";14.10
"1500";"PH097220000";"14.0964546203613";14.10
"1501";"PH175324000";"4.48636102676392";4.49
"1502";"PH097340000";"14.0964546203613";14.10
"1503";"PH153817000";"14.0964546203613";14.10
"1504";"PH112414000";"14.0964546203613";14.10
"1505";"PH153640000";"14.0964546203613";14.10
"1506";"PH153812000";"14.0964546203613";14.10
"1507";"PH153824000";"14.0964546203613";14.10
"1508";"PH103506000";"14.0964546203613";14.10
"1509";"PH153813000";"14.0964546203613";14.10
"1510";"PH101319000";"14.0964546203613";14.10
"1511";"PH150705000";"14.0964546203613";14.10
"1512";"PH126313000";"14.0964546203613";14.10
"1513";"PH126316000";"14.0964546203613";14.10
"1514";"PH097327000";"14.0964546203613";14.10
"1515";"PH103520000";"14.0964546203613";14.10
"1516";"PH104324000";"14.0964546203613";14.10
"1517";"PH153638000";"14.0964546203613";14.10
"1518";"PH112322000";"14.0964546203613";14.10
"1519";"PH101320000";"14.0964546203613";14.10
"1520";"PH153816000";"14.0964546203613";14.10
"1521";"PH153821000";"14.0964546203613";14.10
"1522";"PH098314000";"14.0964546203613";14.10
"1523";"PH097328000";"14.0964546203613";14.10
"1524";"PH126314000";"14.0964546203613";14.10
"1525";"PH153626000";"14.0964546203613";14.10
"1526";"PH097221000";"14.0964546203613";14.10
"1527";"PH103521000";"14.0964546203613";14.10
"1528";"PH104215000";"14.0964546203613";14.10
"1529";"PH126315000";"14.0964546203613";14.10
"1530";"PH153627000";"14.0964546203613";14.10
"1531";"PH112511000";"14.0964546203613";14.10
"1532";"PH097344000";"14.0964546203613";14.10
"1533";"PH150706000";"14.0964546203613";14.10
"1534";"PH098315000";"14.0964546203613";14.10
"1535";"PH160312000";"14.0964546203613";14.10
"1536";"PH153628000";"14.0964546203613";14.10
"1537";"PH103522000";"14.0964546203613";14.10
"1538";"PH150707000";"14.0964546203613";14.10
"1539";"PH104216000";"14.0964546203613";14.10
"1540";"PH153629000";"14.0964546203613";14.10
"1541";"PH097330000";"14.0964546203613";14.10
"1542";"PH124714000";"14.0964546203613";14.10
"1543";"PH098316000";"14.0964546203613";14.10
"1544";"PH126317000";"14.0964546203613";14.10
"1545";"PH150711000";"14.0964546203613";14.10
"1546";"PH153815000";"14.0964546203613";14.10
"1547";"PH160313000";"14.0964546203613";14.10
"1548";"PH104326000";"14.0964546203613";14.10
"1549";"PH097341000";"14.0964546203613";14.10
"1550";"PH153630000";"14.0964546203613";14.10
"1551";"PH097332000";"14.0964546203613";14.10
"1552";"PH020901000";"4.48636102676392";4.49
"1553";"PH020902000";"4.48636102676392";4.49
"1554";"PH020903000";"4.48636102676392";4.49
"1555";"PH020904000";"4.48636102676392";4.49
"1556";"PH020905000";"4.48636102676392";4.49
"1557";"PH020906000";"4.48636102676392";4.49
"1558";"PH175304000";"4.48636102676392";4.49
"1559";"PH157002000";"14.0964546203613";14.10
"1560";"PH156606000";"14.0964546203613";14.10
"1561";"PH156601000";"14.0964546203613";14.10
"1562";"PH156602000";"14.0964546203613";14.10
"1563";"PH156603000";"14.0964546203613";14.10
"1564";"PH157009000";"14.0964546203613";14.10
"1565";"PH156617000";"14.0964546203613";14.10
"1566";"PH156604000";"14.0964546203613";14.10
"1567";"PH156605000";"14.0964546203613";14.10
"1568";"PH150704000";"14.0964546203613";14.10
"1569";"PH157003000";"14.0964546203613";14.10
"1570";"PH156607000";"14.0964546203613";14.10
"1571";"PH156619000";"14.0964546203613";14.10
"1572";"PH156618000";"14.0964546203613";14.10
"1573";"PH156616000";"14.0964546203613";14.10
"1574";"PH157001000";"14.0964546203613";14.10
"1575";"PH156608000";"14.0964546203613";14.10
"1576";"PH156609000";"14.0964546203613";14.10
"1577";"PH156610000";"14.0964546203613";14.10
"1578";"PH156611000";"14.0964546203613";14.10
"1579";"PH157010000";"14.0964546203613";14.10
"1580";"PH156612000";"14.0964546203613";14.10
"1581";"PH157011000";"14.0964546203613";14.10
"1582";"PH157004000";"14.0964546203613";14.10
"1583";"PH157005000";"14.0964546203613";14.10
"1584";"PH157006000";"14.0964546203613";14.10
"1585";"PH150713000";"14.0964546203613";14.10
"1586";"PH156613000";"14.0964546203613";14.10
"1587";"PH157007000";"14.0964546203613";14.10
"1588";"PH156614000";"14.0964546203613";14.10
"1589";"PH156615000";"14.0964546203613";14.10
"1590";"PH157008000";"14.0964546203613";14.10
